Nutriment/Item,Rég_Prov,Sexe,Âge (en années),n,Type de ANREF,Prefix-FR,Percentage,SE,E flag,Ref value,Ref value unit_FR
Calcium,Canada excluant les territoires,Hommes,19 ans et plus,6193,BME,Inférieur au,51.7,1.4,,,
Calcium,Canada excluant les territoires,Femmes,19 ans et plus,6841,BME,Inférieur au,77.2,1.1,,,
Calcium,Canada excluant les territoires,Les deux sexes,19 ans et plus,13034,BME,Inférieur au,64.4,0.9,,,
Calcium,Terre-Neuve-et-Labrador,Hommes,19 ans et plus,400,BME,Inférieur au,67.4,3.2,,,
Calcium,Terre-Neuve-et-Labrador,Femmes,19 ans et plus,426,BME,Inférieur au,90.4,2.2,,,
Calcium,Terre-Neuve-et-Labrador,Les deux sexes,19 ans et plus,826,BME,Inférieur au,79.0,1.9,,,
Calcium,Île-du-Prince-Édouard,Hommes,19 ans et plus,313,BME,Inférieur au,48.7,3.5,,,
Calcium,Île-du-Prince-Édouard,Femmes,19 ans et plus,371,BME,Inférieur au,76.3,2.9,,,
Calcium,Île-du-Prince-Édouard,Les deux sexes,19 ans et plus,684,BME,Inférieur au,62.6,2.3,,,
Calcium,Nouvelle-Écosse,Hommes,19 ans et plus,422,BME,Inférieur au,45.4,2.9,,,
Calcium,Nouvelle-Écosse,Femmes,19 ans et plus,534,BME,Inférieur au,78.9,2.6,,,
Calcium,Nouvelle-Écosse,Les deux sexes,19 ans et plus,956,BME,Inférieur au,62.5,2.0,,,
Calcium,Nouveau-Brunswick,Hommes,19 ans et plus,371,BME,Inférieur au,51.5,3.1,,,
Calcium,Nouveau-Brunswick,Femmes,19 ans et plus,463,BME,Inférieur au,78.0,2.3,,,
Calcium,Nouveau-Brunswick,Les deux sexes,19 ans et plus,834,BME,Inférieur au,64.8,1.9,,,
Calcium,Québec,Hommes,19 ans et plus,1009,BME,Inférieur au,44.1,2.3,,,
Calcium,Québec,Femmes,19 ans et plus,1113,BME,Inférieur au,67.8,1.9,,,
Calcium,Québec,Les deux sexes,19 ans et plus,2122,BME,Inférieur au,55.9,1.5,,,
Calcium,Ontario,Hommes,19 ans et plus,1321,BME,Inférieur au,56.5,2.1,,,
Calcium,Ontario,Femmes,19 ans et plus,1489,BME,Inférieur au,81.4,1.5,,,
Calcium,Ontario,Les deux sexes,19 ans et plus,2810,BME,Inférieur au,69.1,1.4,,,
Calcium,Manitoba,Hommes,19 ans et plus,396,BME,Inférieur au,55.1,3.1,,,
Calcium,Manitoba,Femmes,19 ans et plus,464,BME,Inférieur au,76.3,2.5,,,
Calcium,Manitoba,Les deux sexes,19 ans et plus,860,BME,Inférieur au,65.6,2.0,,,
Calcium,Saskatchewan,Hommes,19 ans et plus,420,BME,Inférieur au,53.1,4.2,,,
Calcium,Saskatchewan,Femmes,19 ans et plus,455,BME,Inférieur au,76.6,3.1,,,
Calcium,Saskatchewan,Les deux sexes,19 ans et plus,875,BME,Inférieur au,64.6,2.7,,,
Calcium,Alberta,Hommes,19 ans et plus,701,BME,Inférieur au,50.7,2.3,,,
Calcium,Alberta,Femmes,19 ans et plus,696,BME,Inférieur au,75.5,2.3,,,
Calcium,Alberta,Les deux sexes,19 ans et plus,1397,BME,Inférieur au,62.5,1.7,,,
Calcium,Colombie-Britannique,Hommes,19 ans et plus,840,BME,Inférieur au,50.4,2.5,,,
Calcium,Colombie-Britannique,Femmes,19 ans et plus,830,BME,Inférieur au,81.4,1.8,,,
Calcium,Colombie-Britannique,Les deux sexes,19 ans et plus,1670,BME,Inférieur au,66.0,1.6,,,
Folate,Canada excluant les territoires,Hommes,19 ans et plus,6193,BME,Inférieur au,9.9,1.4,,320,mcg/j (Équivalents de folate alimentaire )
Folate,Canada excluant les territoires,Femmes,19 ans et plus,6841,BME,Inférieur au,32.5,1.9,,320,mcg/j (Équivalents de folate alimentaire )
Folate,Canada excluant les territoires,Les deux sexes,19 ans et plus,13034,BME,Inférieur au,21.1,1.1,,320,mcg/j (Équivalents de folate alimentaire )
Folate,Terre-Neuve-et-Labrador,Hommes,19 ans et plus,400,BME,Inférieur au,17.9,3.0,E,320,mcg/j (Équivalents de folate alimentaire )
Folate,Terre-Neuve-et-Labrador,Femmes,19 ans et plus,426,BME,Inférieur au,44.2,3.7,,320,mcg/j (Équivalents de folate alimentaire )
Folate,Terre-Neuve-et-Labrador,Les deux sexes,19 ans et plus,826,BME,Inférieur au,30.9,2.4,,320,mcg/j (Équivalents de folate alimentaire )
Folate,Île-du-Prince-Édouard,Hommes,19 ans et plus,313,BME,Inférieur au,11.3,2.1,E,320,mcg/j (Équivalents de folate alimentaire )
Folate,Île-du-Prince-Édouard,Femmes,19 ans et plus,371,BME,Inférieur au,37.2,3.8,,320,mcg/j (Équivalents de folate alimentaire )
Folate,Île-du-Prince-Édouard,Les deux sexes,19 ans et plus,684,BME,Inférieur au,24.4,2.2,,320,mcg/j (Équivalents de folate alimentaire )
Folate,Nouvelle-Écosse,Hommes,19 ans et plus,422,BME,Inférieur au,9.7,2.2,E,320,mcg/j (Équivalents de folate alimentaire )
Folate,Nouvelle-Écosse,Femmes,19 ans et plus,534,BME,Inférieur au,38.2,3.4,,320,mcg/j (Équivalents de folate alimentaire )
Folate,Nouvelle-Écosse,Les deux sexes,19 ans et plus,956,BME,Inférieur au,24.4,2.1,,320,mcg/j (Équivalents de folate alimentaire )
Folate,Nouveau-Brunswick,Hommes,19 ans et plus,371,BME,Inférieur au,11.2,2.5,E,320,mcg/j (Équivalents de folate alimentaire )
Folate,Nouveau-Brunswick,Femmes,19 ans et plus,463,BME,Inférieur au,34.6,3.5,,320,mcg/j (Équivalents de folate alimentaire )
Folate,Nouveau-Brunswick,Les deux sexes,19 ans et plus,834,BME,Inférieur au,23.0,2.0,,320,mcg/j (Équivalents de folate alimentaire )
Folate,Québec,Hommes,19 ans et plus,1009,BME,Inférieur au,5.7,1.2,E,320,mcg/j (Équivalents de folate alimentaire )
Folate,Québec,Femmes,19 ans et plus,1113,BME,Inférieur au,20.4,2.4,,320,mcg/j (Équivalents de folate alimentaire )
Folate,Québec,Les deux sexes,19 ans et plus,2122,BME,Inférieur au,13.0,1.3,,320,mcg/j (Équivalents de folate alimentaire )
Folate,Ontario,Hommes,19 ans et plus,1321,BME,Inférieur au,11.4,1.8,,320,mcg/j (Équivalents de folate alimentaire )
Folate,Ontario,Femmes,19 ans et plus,1489,BME,Inférieur au,35.9,2.5,,320,mcg/j (Équivalents de folate alimentaire )
Folate,Ontario,Les deux sexes,19 ans et plus,2810,BME,Inférieur au,23.8,1.5,,320,mcg/j (Équivalents de folate alimentaire )
Folate,Manitoba,Hommes,19 ans et plus,396,BME,Inférieur au,8.4,2.2,E,320,mcg/j (Équivalents de folate alimentaire )
Folate,Manitoba,Femmes,19 ans et plus,464,BME,Inférieur au,35.2,3.2,,320,mcg/j (Équivalents de folate alimentaire )
Folate,Manitoba,Les deux sexes,19 ans et plus,860,BME,Inférieur au,21.6,1.8,,320,mcg/j (Équivalents de folate alimentaire )
Folate,Saskatchewan,Hommes,19 ans et plus,420,BME,Inférieur au,13.6,2.8,E,320,mcg/j (Équivalents de folate alimentaire )
Folate,Saskatchewan,Femmes,19 ans et plus,455,BME,Inférieur au,34,3.8,,320,mcg/j (Équivalents de folate alimentaire )
Folate,Saskatchewan,Les deux sexes,19 ans et plus,875,BME,Inférieur au,23.6,2.4,,320,mcg/j (Équivalents de folate alimentaire )
Folate,Alberta,Hommes,19 ans et plus,701,BME,Inférieur au,10.9,1.9,E,320,mcg/j (Équivalents de folate alimentaire )
Folate,Alberta,Femmes,19 ans et plus,696,BME,Inférieur au,39.3,3.3,,320,mcg/j (Équivalents de folate alimentaire )
Folate,Alberta,Les deux sexes,19 ans et plus,1397,BME,Inférieur au,24.1,1.9,,320,mcg/j (Équivalents de folate alimentaire )
Folate,Colombie-Britannique,Hommes,19 ans et plus,840,BME,Inférieur au,10.4,1.8,E,320,mcg/j (Équivalents de folate alimentaire )
Folate,Colombie-Britannique,Femmes,19 ans et plus,830,BME,Inférieur au,34.4,2.9,,320,mcg/j (Équivalents de folate alimentaire )
Folate,Colombie-Britannique,Les deux sexes,19 ans et plus,1670,BME,Inférieur au,22.4,1.7,,320,mcg/j (Équivalents de folate alimentaire )
Fer,Canada excluant les territoires,Hommes,19 ans et plus,6193,,Insuffisant,1.4,0.3,E,,
Fer,Canada excluant les territoires,Femmes,19 ans et plus,6841,,Insuffisant,13.6,0.9,,,
Fer,Canada excluant les territoires,Les deux sexes,19 ans et plus,13034,,Insuffisant,7.4,0.5,,,
Fer,Terre-Neuve-et-Labrador,Hommes,19 ans et plus,400,,Insuffisant,3.0,0.8,E,,
Fer,Terre-Neuve-et-Labrador,Femmes,19 ans et plus,424,,Insuffisant,16.8,1.7,,,
Fer,Terre-Neuve-et-Labrador,Les deux sexes,19 ans et plus,824,,Insuffisant,10.0,0.9,,,
Fer,Île-du-Prince-Édouard,Hommes,19 ans et plus,313,,Insuffisant,1.2,0.4,E,,
Fer,Île-du-Prince-Édouard,Femmes,19 ans et plus,370,,Insuffisant,13.5,1.4,,,
Fer,Île-du-Prince-Édouard,Les deux sexes,19 ans et plus,683,,Insuffisant,7.4,0.7,,,
Fer,Nouvelle-Écosse,Hommes,19 ans et plus,422,,Insuffisant,<3,,<3,,
Fer,Nouvelle-Écosse,Femmes,19 ans et plus,529,,Insuffisant,11.5,1.2,,,
Fer,Nouvelle-Écosse,Les deux sexes,19 ans et plus,951,,Insuffisant,6.3,0.7,,,
Fer,Nouveau-Brunswick,Hommes,19 ans et plus,371,,Insuffisant,<3,,<3,,
Fer,Nouveau-Brunswick,Femmes,19 ans et plus,459,,Insuffisant,12.0,1.3,,,
Fer,Nouveau-Brunswick,Les deux sexes,19 ans et plus,830,,Insuffisant,6.7,0.7,,,
Fer,Québec,Hommes,19 ans et plus,1009,,Insuffisant,0.9,0.2,E,,
Fer,Québec,Femmes,19 ans et plus,1111,,Insuffisant,9.9,0.9,,,
Fer,Québec,Les deux sexes,19 ans et plus,2120,,Insuffisant,5.4,0.5,,,
Fer,Ontario,Hommes,19 ans et plus,1321,,Insuffisant,1.7,0.4,E,,
Fer,Ontario,Femmes,19 ans et plus,1473,,Insuffisant,14.6,1.1,,,
Fer,Ontario,Les deux sexes,19 ans et plus,2794,,Insuffisant,8.2,0.6,,,
Fer,Manitoba,Hommes,19 ans et plus,396,,Insuffisant,1.2,0.3,E,,
Fer,Manitoba,Femmes,19 ans et plus,456,,Insuffisant,15.6,1.7,,,
Fer,Manitoba,Les deux sexes,19 ans et plus,852,,Insuffisant,8.3,0.9,,,
Fer,Saskatchewan,Hommes,19 ans et plus,420,,Insuffisant,<3,,<3,,
Fer,Saskatchewan,Femmes,19 ans et plus,451,,Insuffisant,13.7,1.6,,,
Fer,Saskatchewan,Les deux sexes,19 ans et plus,871,,Insuffisant,7.4,0.8,,,
Fer,Alberta,Hommes,19 ans et plus,701,,Insuffisant,1.0,0.3,E,,
Fer,Alberta,Femmes,19 ans et plus,686,,Insuffisant,18.3,1.6,,,
Fer,Alberta,Les deux sexes,19 ans et plus,1387,,Insuffisant,9.2,0.8,,,
Fer,Colombie-Britannique,Hommes,19 ans et plus,840,,Insuffisant,1.3,0.3,E,,
Fer,Colombie-Britannique,Femmes,19 ans et plus,810,,Insuffisant,13.3,1.3,,,
Fer,Colombie-Britannique,Les deux sexes,19 ans et plus,1650,,Insuffisant,7.3,0.7,,,
Magnésium,Canada excluant les territoires,Hommes,19 ans et plus,6193,BME,Inférieur au,56.4,1.4,,,
Magnésium,Canada excluant les territoires,Femmes,19 ans et plus,6841,BME,Inférieur au,49.2,1.4,,,
Magnésium,Canada excluant les territoires,Les deux sexes,19 ans et plus,13034,BME,Inférieur au,52.8,1.0,,,
Magnésium,Terre-Neuve-et-Labrador,Hommes,19 ans et plus,400,BME,Inférieur au,77.5,2.8,,,
Magnésium,Terre-Neuve-et-Labrador,Femmes,19 ans et plus,426,BME,Inférieur au,72.4,3.2,,,
Magnésium,Terre-Neuve-et-Labrador,Les deux sexes,19 ans et plus,826,BME,Inférieur au,74.9,2.3,,,
Magnésium,Île-du-Prince-Édouard,Hommes,19 ans et plus,313,BME,Inférieur au,63.0,3.2,,,
Magnésium,Île-du-Prince-Édouard,Femmes,19 ans et plus,371,BME,Inférieur au,54.9,3.1,,,
Magnésium,Île-du-Prince-Édouard,Les deux sexes,19 ans et plus,684,BME,Inférieur au,58.9,2.2,,,
Magnésium,Nouvelle-Écosse,Hommes,19 ans et plus,422,BME,Inférieur au,54.5,3.3,,,
Magnésium,Nouvelle-Écosse,Femmes,19 ans et plus,534,BME,Inférieur au,52.0,2.8,,,
Magnésium,Nouvelle-Écosse,Les deux sexes,19 ans et plus,956,BME,Inférieur au,53.2,2.1,,,
Magnésium,Nouveau-Brunswick,Hommes,19 ans et plus,371,BME,Inférieur au,61.4,3.0,,,
Magnésium,Nouveau-Brunswick,Femmes,19 ans et plus,463,BME,Inférieur au,56.3,2.7,,,
Magnésium,Nouveau-Brunswick,Les deux sexes,19 ans et plus,834,BME,Inférieur au,58.8,2.0,,,
Magnésium,Québec,Hommes,19 ans et plus,1009,BME,Inférieur au,52.7,2.2,,,
Magnésium,Québec,Femmes,19 ans et plus,1113,BME,Inférieur au,39.8,2.2,,,
Magnésium,Québec,Les deux sexes,19 ans et plus,2122,BME,Inférieur au,46.3,1.6,,,
Magnésium,Ontario,Hommes,19 ans et plus,1321,BME,Inférieur au,58.8,2.0,,,
Magnésium,Ontario,Femmes,19 ans et plus,1489,BME,Inférieur au,52.9,1.8,,,
Magnésium,Ontario,Les deux sexes,19 ans et plus,2810,BME,Inférieur au,55.8,1.5,,,
Magnésium,Manitoba,Hommes,19 ans et plus,396,BME,Inférieur au,64.4,2.8,,,
Magnésium,Manitoba,Femmes,19 ans et plus,464,BME,Inférieur au,53.6,2.8,,,
Magnésium,Manitoba,Les deux sexes,19 ans et plus,860,BME,Inférieur au,59.0,1.9,,,
Magnésium,Saskatchewan,Hommes,19 ans et plus,420,BME,Inférieur au,65.5,4.1,,,
Magnésium,Saskatchewan,Femmes,19 ans et plus,455,BME,Inférieur au,49.6,3.5,,,
Magnésium,Saskatchewan,Les deux sexes,19 ans et plus,875,BME,Inférieur au,57.7,2.8,,,
Magnésium,Alberta,Hommes,19 ans et plus,701,BME,Inférieur au,54.8,2.6,,,
Magnésium,Alberta,Femmes,19 ans et plus,696,BME,Inférieur au,54.0,3.2,,,
Magnésium,Alberta,Les deux sexes,19 ans et plus,1397,BME,Inférieur au,54.4,2.0,,,
Magnésium,Colombie-Britannique,Hommes,19 ans et plus,840,BME,Inférieur au,50.6,2.7,,,
Magnésium,Colombie-Britannique,Femmes,19 ans et plus,830,BME,Inférieur au,45.5,2.5,,,
Magnésium,Colombie-Britannique,Les deux sexes,19 ans et plus,1670,BME,Inférieur au,48.0,1.9,,,
Pourcentage de l'apport énergétique total provenant des glucides,Canada excluant les territoires,Hommes,19 ans et plus,6193,ÉVAM,À l'intérieur de,60.2,1.6,,45 - 65,% de l’apport énergétique total
Pourcentage de l'apport énergétique total provenant des glucides,Canada excluant les territoires,Femmes,19 ans et plus,6841,ÉVAM,À l'intérieur de,70.3,2.0,,45 - 65,% de l’apport énergétique total
Pourcentage de l'apport énergétique total provenant des glucides,Canada excluant les territoires,Les deux sexes,19 ans et plus,13034,ÉVAM,À l'intérieur de,65.3,1.3,,45 - 65,% de l’apport énergétique total
Pourcentage de l'apport énergétique total provenant des glucides,Terre-Neuve-et-Labrador,Hommes,19 ans et plus,400,ÉVAM,À l'intérieur de,60.8,3.6,,45 - 65,% de l’apport énergétique total
Pourcentage de l'apport énergétique total provenant des glucides,Terre-Neuve-et-Labrador,Femmes,19 ans et plus,426,ÉVAM,À l'intérieur de,69.4,3.4,,45 - 65,% de l’apport énergétique total
Pourcentage de l'apport énergétique total provenant des glucides,Terre-Neuve-et-Labrador,Les deux sexes,19 ans et plus,826,ÉVAM,À l'intérieur de,64.6,2.3,,45 - 65,% de l’apport énergétique total
Pourcentage de l'apport énergétique total provenant des glucides,Île-du-Prince-Édouard,Hommes,19 ans et plus,313,ÉVAM,À l'intérieur de,58.8,3.3,,45 - 65,% de l’apport énergétique total
Pourcentage de l'apport énergétique total provenant des glucides,Île-du-Prince-Édouard,Femmes,19 ans et plus,371,ÉVAM,À l'intérieur de,74.2,3.1,,45 - 65,% de l’apport énergétique total
Pourcentage de l'apport énergétique total provenant des glucides,Île-du-Prince-Édouard,Les deux sexes,19 ans et plus,684,ÉVAM,À l'intérieur de,66.1,2.1,,45 - 65,% de l’apport énergétique total
Pourcentage de l'apport énergétique total provenant des glucides,Nouvelle-Écosse,Hommes,19 ans et plus,422,ÉVAM,À l'intérieur de,60.1,3.3,,high,% de l’apport énergétique total
Pourcentage de l'apport énergétique total provenant des glucides,Nouvelle-Écosse,Femmes,19 ans et plus,534,ÉVAM,À l'intérieur de,68.7,3.2,,45 - 65,% de l’apport énergétique total
Pourcentage de l'apport énergétique total provenant des glucides,Nouvelle-Écosse,Les deux sexes,19 ans et plus,956,ÉVAM,À l'intérieur de,64.2,2.2,,45 - 65,% de l’apport énergétique total
Pourcentage de l'apport énergétique total provenant des glucides,Nouveau-Brunswick,Hommes,19 ans et plus,371,ÉVAM,À l'intérieur de,61.2,3.4,,45 - 65,% de l’apport énergétique total
Pourcentage de l'apport énergétique total provenant des glucides,Nouveau-Brunswick,Femmes,19 ans et plus,463,ÉVAM,À l'intérieur de,77.7,2.8,,45 - 65,% de l’apport énergétique total
Pourcentage de l'apport énergétique total provenant des glucides,Nouveau-Brunswick,Les deux sexes,19 ans et plus,834,ÉVAM,À l'intérieur de,69.0,2.1,,45 - 65,% de l’apport énergétique total
Pourcentage de l'apport énergétique total provenant des glucides,Québec,Hommes,19 ans et plus,1009,ÉVAM,À l'intérieur de,60.3,2.4,,45 - 65,% de l’apport énergétique total
Pourcentage de l'apport énergétique total provenant des glucides,Québec,Femmes,19 ans et plus,1113,ÉVAM,À l'intérieur de,71.8,2.6,,45 - 65,% de l’apport énergétique total
Pourcentage de l'apport énergétique total provenant des glucides,Québec,Les deux sexes,19 ans et plus,2122,ÉVAM,À l'intérieur de,65.6,1.7,,45 - 65,% de l’apport énergétique total
Pourcentage de l'apport énergétique total provenant des glucides,Ontario,Hommes,19 ans et plus,1321,ÉVAM,À l'intérieur de,62.8,2.3,,45 - 65,% de l’apport énergétique total
Pourcentage de l'apport énergétique total provenant des glucides,Ontario,Femmes,19 ans et plus,1489,ÉVAM,À l'intérieur de,71.7,2.5,,45 - 65,% de l’apport énergétique total
Pourcentage de l'apport énergétique total provenant des glucides,Ontario,Les deux sexes,19 ans et plus,2810,ÉVAM,À l'intérieur de,66.8,1.6,,45 - 65,% de l’apport énergétique total
Pourcentage de l'apport énergétique total provenant des glucides,Manitoba,Hommes,19 ans et plus,396,ÉVAM,À l'intérieur de,61.6,3.2,,45 - 65,% de l’apport énergétique total
Pourcentage de l'apport énergétique total provenant des glucides,Manitoba,Femmes,19 ans et plus,464,ÉVAM,À l'intérieur de,74.4,3.5,,45 - 65,% de l’apport énergétique total
Pourcentage de l'apport énergétique total provenant des glucides,Manitoba,Les deux sexes,19 ans et plus,860,ÉVAM,À l'intérieur de,67.5,2.5,,45 - 65,% de l’apport énergétique total
Pourcentage de l'apport énergétique total provenant des glucides,Saskatchewan,Hommes,19 ans et plus,420,ÉVAM,À l'intérieur de,53.9,3.5,,45 - 65,% de l’apport énergétique total
Pourcentage de l'apport énergétique total provenant des glucides,Saskatchewan,Femmes,19 ans et plus,455,ÉVAM,À l'intérieur de,66.2,3.6,,45 - 65,% de l’apport énergétique total
Pourcentage de l'apport énergétique total provenant des glucides,Saskatchewan,Les deux sexes,19 ans et plus,875,ÉVAM,À l'intérieur de,59.6,2.5,,45 - 65,% de l’apport énergétique total
Pourcentage de l'apport énergétique total provenant des glucides,Alberta,Hommes,19 ans et plus,701,ÉVAM,À l'intérieur de,57.1,3.0,,45 - 65,% de l’apport énergétique total
Pourcentage de l'apport énergétique total provenant des glucides,Alberta,Femmes,19 ans et plus,696,ÉVAM,À l'intérieur de,66.3,3.0,,45 - 65,% de l’apport énergétique total
Pourcentage de l'apport énergétique total provenant des glucides,Alberta,Les deux sexes,19 ans et plus,1397,ÉVAM,À l'intérieur de,61.2,2.1,,45 - 65,% de l’apport énergétique total
Pourcentage de l'apport énergétique total provenant des glucides,Colombie-Britannique,Hommes,19 ans et plus,840,ÉVAM,À l'intérieur de,56.5,2.6,,45 - 65,% de l’apport énergétique total
Pourcentage de l'apport énergétique total provenant des glucides,Colombie-Britannique,Femmes,19 ans et plus,830,ÉVAM,À l'intérieur de,65.9,2.9,,45 - 65,% de l’apport énergétique total
Pourcentage de l'apport énergétique total provenant des glucides,Colombie-Britannique,Les deux sexes,19 ans et plus,1670,ÉVAM,À l'intérieur de,61.2,1.9,,45 - 65,% de l’apport énergétique total
Pourcentage de l'apport énergétique total provenant des lipides,Canada excluant les territoires,Hommes,19 ans et plus,6193,ÉVAM,À l'intérieur de,69.4,1.8,,20 - 35,% de l’apport énergétique total
Pourcentage de l'apport énergétique total provenant des lipides,Canada excluant les territoires,Femmes,19 ans et plus,6841,ÉVAM,À l'intérieur de,72.1,2.2,,20 - 35,% de l’apport énergétique total
Pourcentage de l'apport énergétique total provenant des lipides,Canada excluant les territoires,Les deux sexes,19 ans et plus,13034,ÉVAM,À l'intérieur de,70.7,1.4,,20 - 35,% de l’apport énergétique total
Pourcentage de l'apport énergétique total provenant des lipides,Terre-Neuve-et-Labrador,Hommes,19 ans et plus,400,ÉVAM,À l'intérieur de,72.1,3.2,,20 - 35,% de l’apport énergétique total
Pourcentage de l'apport énergétique total provenant des lipides,Terre-Neuve-et-Labrador,Femmes,19 ans et plus,426,ÉVAM,À l'intérieur de,70.3,3.6,,20 - 35,% de l’apport énergétique total
Pourcentage de l'apport énergétique total provenant des lipides,Terre-Neuve-et-Labrador,Les deux sexes,19 ans et plus,826,ÉVAM,À l'intérieur de,71.9,2.6,,20 - 35,% de l’apport énergétique total
Pourcentage de l'apport énergétique total provenant des lipides,Île-du-Prince-Édouard,Hommes,19 ans et plus,313,ÉVAM,À l'intérieur de,55.7,4.0,,20 - 35,% de l’apport énergétique total
Pourcentage de l'apport énergétique total provenant des lipides,Île-du-Prince-Édouard,Femmes,19 ans et plus,371,ÉVAM,À l'intérieur de,69.8,3.2,,20 - 35,% de l’apport énergétique total
Pourcentage de l'apport énergétique total provenant des lipides,Île-du-Prince-Édouard,Les deux sexes,19 ans et plus,684,ÉVAM,À l'intérieur de,63.3,2.8,,20 - 35,% de l’apport énergétique total
Pourcentage de l'apport énergétique total provenant des lipides,Nouvelle-Écosse,Hommes,19 ans et plus,422,ÉVAM,À l'intérieur de,62.7,3.5,,20 - 35,% de l’apport énergétique total
Pourcentage de l'apport énergétique total provenant des lipides,Nouvelle-Écosse,Femmes,19 ans et plus,534,ÉVAM,À l'intérieur de,64.7,3.5,,20 - 35,% de l’apport énergétique total
Pourcentage de l'apport énergétique total provenant des lipides,Nouvelle-Écosse,Les deux sexes,19 ans et plus,956,ÉVAM,À l'intérieur de,64.2,2.7,,20 - 35,% de l’apport énergétique total
Pourcentage de l'apport énergétique total provenant des lipides,Nouveau-Brunswick,Hommes,19 ans et plus,371,ÉVAM,À l'intérieur de,68.3,4.5,,20 - 35,% de l’apport énergétique total
Pourcentage de l'apport énergétique total provenant des lipides,Nouveau-Brunswick,Femmes,19 ans et plus,463,ÉVAM,À l'intérieur de,74.7,3.2,,20 - 35,% de l’apport énergétique total
Pourcentage de l'apport énergétique total provenant des lipides,Nouveau-Brunswick,Les deux sexes,19 ans et plus,834,ÉVAM,À l'intérieur de,72.3,2.8,,20 - 35,% de l’apport énergétique total
Pourcentage de l'apport énergétique total provenant des lipides,Québec,Hommes,19 ans et plus,1009,ÉVAM,À l'intérieur de,67.8,2.5,,20 - 35,% de l’apport énergétique total
Pourcentage de l'apport énergétique total provenant des lipides,Québec,Femmes,19 ans et plus,1113,ÉVAM,À l'intérieur de,72.8,2.8,,20 - 35,% de l’apport énergétique total
Pourcentage de l'apport énergétique total provenant des lipides,Québec,Les deux sexes,19 ans et plus,2122,ÉVAM,À l'intérieur de,71.1,2.0,,20 - 35,% de l’apport énergétique total
Pourcentage de l'apport énergétique total provenant des lipides,Ontario,Hommes,19 ans et plus,1321,ÉVAM,À l'intérieur de,70.4,2.4,,20 - 35,% de l’apport énergétique total
Pourcentage de l'apport énergétique total provenant des lipides,Ontario,Femmes,19 ans et plus,1489,ÉVAM,À l'intérieur de,73.9,2.8,,20 - 35,% de l’apport énergétique total
Pourcentage de l'apport énergétique total provenant des lipides,Ontario,Les deux sexes,19 ans et plus,2810,ÉVAM,À l'intérieur de,72.8,2.2,,20 - 35,% de l’apport énergétique total
Pourcentage de l'apport énergétique total provenant des lipides,Manitoba,Hommes,19 ans et plus,396,ÉVAM,À l'intérieur de,66.1,3.4,,20 - 35,% de l’apport énergétique total
Pourcentage de l'apport énergétique total provenant des lipides,Manitoba,Femmes,19 ans et plus,464,ÉVAM,À l'intérieur de,73.2,3.4,,20 - 35,% de l’apport énergétique total
Pourcentage de l'apport énergétique total provenant des lipides,Manitoba,Les deux sexes,19 ans et plus,860,ÉVAM,À l'intérieur de,70.2,2.7,,20 - 35,% de l’apport énergétique total
Pourcentage de l'apport énergétique total provenant des lipides,Saskatchewan,Hommes,19 ans et plus,420,ÉVAM,À l'intérieur de,60.6,3.6,,20 - 35,% de l’apport énergétique total
Pourcentage de l'apport énergétique total provenant des lipides,Saskatchewan,Femmes,19 ans et plus,455,ÉVAM,À l'intérieur de,65.8,3.9,,20 - 35,% de l’apport énergétique total
Pourcentage de l'apport énergétique total provenant des lipides,Saskatchewan,Les deux sexes,19 ans et plus,875,ÉVAM,À l'intérieur de,63.7,2.9,,20 - 35,% de l’apport énergétique total
Pourcentage de l'apport énergétique total provenant des lipides,Alberta,Hommes,19 ans et plus,701,ÉVAM,À l'intérieur de,73.0,3.3,,20 - 35,% de l’apport énergétique total
Pourcentage de l'apport énergétique total provenant des lipides,Alberta,Femmes,19 ans et plus,696,ÉVAM,À l'intérieur de,66.9,3.3,,20 - 35,% de l’apport énergétique total
Pourcentage de l'apport énergétique total provenant des lipides,Alberta,Les deux sexes,19 ans et plus,1397,ÉVAM,À l'intérieur de,70.4,2.5,,20 - 35,% de l’apport énergétique total
Pourcentage de l'apport énergétique total provenant des lipides,Colombie-Britannique,Hommes,19 ans et plus,840,ÉVAM,À l'intérieur de,70.2,2.5,,20 - 35,% de l’apport énergétique total
Pourcentage de l'apport énergétique total provenant des lipides,Colombie-Britannique,Femmes,19 ans et plus,830,ÉVAM,À l'intérieur de,72.0,2.9,,20 - 35,% de l’apport énergétique total
Pourcentage de l'apport énergétique total provenant des lipides,Colombie-Britannique,Les deux sexes,19 ans et plus,1670,ÉVAM,À l'intérieur de,71.1,2.0,,20 - 35,% de l’apport énergétique total
Pourcentage de l'apport énergétique total provenant des protéines,Canada excluant les territoires,Hommes,19 ans et plus,6193,ÉVAM,À l'intérieur de,99.9,0.1,,10 - 35,% de l’apport énergétique total
Pourcentage de l'apport énergétique total provenant des protéines,Canada excluant les territoires,Femmes,19 ans et plus,6841,ÉVAM,À l'intérieur de,99.7,0.1,,10 - 35,% de l’apport énergétique total
Pourcentage de l'apport énergétique total provenant des protéines,Canada excluant les territoires,Les deux sexes,19 ans et plus,13034,ÉVAM,À l'intérieur de,99.8,0.1,,10 - 35,% de l’apport énergétique total
Pourcentage de l'apport énergétique total provenant des protéines,Terre-Neuve-et-Labrador,Hommes,19 ans et plus,400,ÉVAM,À l'intérieur de,99.9,0.1,,10 - 35,% de l’apport énergétique total
Pourcentage de l'apport énergétique total provenant des protéines,Terre-Neuve-et-Labrador,Femmes,19 ans et plus,426,ÉVAM,À l'intérieur de,99.8,0.1,,10 - 35,% de l’apport énergétique total
Pourcentage de l'apport énergétique total provenant des protéines,Terre-Neuve-et-Labrador,Les deux sexes,19 ans et plus,826,ÉVAM,À l'intérieur de,99.9,0.1,,10 - 35,% de l’apport énergétique total
Pourcentage de l'apport énergétique total provenant des protéines,Île-du-Prince-Édouard,Hommes,19 ans et plus,313,ÉVAM,À l'intérieur de,99.9,0.1,,10 - 35,% de l’apport énergétique total
Pourcentage de l'apport énergétique total provenant des protéines,Île-du-Prince-Édouard,Femmes,19 ans et plus,371,ÉVAM,À l'intérieur de,99.6,0.2,,10 - 35,% de l’apport énergétique total
Pourcentage de l'apport énergétique total provenant des protéines,Île-du-Prince-Édouard,Les deux sexes,19 ans et plus,684,ÉVAM,À l'intérieur de,99.8,0.1,,10 - 35,% de l’apport énergétique total
Pourcentage de l'apport énergétique total provenant des protéines,Nouvelle-Écosse,Hommes,19 ans et plus,422,ÉVAM,À l'intérieur de,99.8,0.2,,10 - 35,% de l’apport énergétique total
Pourcentage de l'apport énergétique total provenant des protéines,Nouvelle-Écosse,Femmes,19 ans et plus,534,ÉVAM,À l'intérieur de,99.6,0.2,,10 - 35,% de l’apport énergétique total
Pourcentage de l'apport énergétique total provenant des protéines,Nouvelle-Écosse,Les deux sexes,19 ans et plus,956,ÉVAM,À l'intérieur de,99.7,0.2,,10 - 35,% de l’apport énergétique total
Pourcentage de l'apport énergétique total provenant des protéines,Nouveau-Brunswick,Hommes,19 ans et plus,371,ÉVAM,À l'intérieur de,99.9,0.2,,10 - 35,% de l’apport énergétique total
Pourcentage de l'apport énergétique total provenant des protéines,Nouveau-Brunswick,Femmes,19 ans et plus,463,ÉVAM,À l'intérieur de,99.6,0.2,,10 - 35,% de l’apport énergétique total
Pourcentage de l'apport énergétique total provenant des protéines,Nouveau-Brunswick,Les deux sexes,19 ans et plus,834,ÉVAM,À l'intérieur de,99.7,0.2,,10 - 35,% de l’apport énergétique total
Pourcentage de l'apport énergétique total provenant des protéines,Québec,Hommes,19 ans et plus,1009,ÉVAM,À l'intérieur de,99.8,0.2,,10 - 35,% de l’apport énergétique total
Pourcentage de l'apport énergétique total provenant des protéines,Québec,Femmes,19 ans et plus,1113,ÉVAM,À l'intérieur de,99.6,0.2,,10 - 35,% de l’apport énergétique total
Pourcentage de l'apport énergétique total provenant des protéines,Québec,Les deux sexes,19 ans et plus,2122,ÉVAM,À l'intérieur de,99.7,0.1,,10 - 35,% de l’apport énergétique total
Pourcentage de l'apport énergétique total provenant des protéines,Ontario,Hommes,19 ans et plus,1321,ÉVAM,À l'intérieur de,99.9,0.1,,10 - 35,% de l’apport énergétique total
Pourcentage de l'apport énergétique total provenant des protéines,Ontario,Femmes,19 ans et plus,1489,ÉVAM,À l'intérieur de,99.8,0.1,,10 - 35,% de l’apport énergétique total
Pourcentage de l'apport énergétique total provenant des protéines,Ontario,Les deux sexes,19 ans et plus,2810,ÉVAM,À l'intérieur de,99.9,0.1,,10 - 35,% de l’apport énergétique total
Pourcentage de l'apport énergétique total provenant des protéines,Manitoba,Hommes,19 ans et plus,396,ÉVAM,À l'intérieur de,99.9,0.1,,10 - 35,% de l’apport énergétique total
Pourcentage de l'apport énergétique total provenant des protéines,Manitoba,Femmes,19 ans et plus,464,ÉVAM,À l'intérieur de,99.5,0.3,,10 - 35,% de l’apport énergétique total
Pourcentage de l'apport énergétique total provenant des protéines,Manitoba,Les deux sexes,19 ans et plus,860,ÉVAM,À l'intérieur de,99.7,0.2,,10 - 35,% de l’apport énergétique total
Pourcentage de l'apport énergétique total provenant des protéines,Saskatchewan,Hommes,19 ans et plus,420,ÉVAM,À l'intérieur de,100.0,0.1,,10 - 35,% de l’apport énergétique total
Pourcentage de l'apport énergétique total provenant des protéines,Saskatchewan,Femmes,19 ans et plus,455,ÉVAM,À l'intérieur de,99.9,0.1,,10 - 35,% de l’apport énergétique total
Pourcentage de l'apport énergétique total provenant des protéines,Saskatchewan,Les deux sexes,19 ans et plus,875,ÉVAM,À l'intérieur de,99.9,0.1,,10 - 35,% de l’apport énergétique total
Pourcentage de l'apport énergétique total provenant des protéines,Alberta,Hommes,19 ans et plus,701,ÉVAM,À l'intérieur de,100.0,0.1,,10 - 35,% de l’apport énergétique total
Pourcentage de l'apport énergétique total provenant des protéines,Alberta,Femmes,19 ans et plus,696,ÉVAM,À l'intérieur de,99.7,0.2,,10 - 35,% de l’apport énergétique total
Pourcentage de l'apport énergétique total provenant des protéines,Alberta,Les deux sexes,19 ans et plus,1397,ÉVAM,À l'intérieur de,99.8,0.1,,10 - 35,% de l’apport énergétique total
Pourcentage de l'apport énergétique total provenant des protéines,Colombie-Britannique,Hommes,19 ans et plus,840,ÉVAM,À l'intérieur de,100.0,0.1,,10 - 35,% de l’apport énergétique total
Pourcentage de l'apport énergétique total provenant des protéines,Colombie-Britannique,Femmes,19 ans et plus,830,ÉVAM,À l'intérieur de,99.8,0.2,,10 - 35,% de l’apport énergétique total
Pourcentage de l'apport énergétique total provenant des protéines,Colombie-Britannique,Les deux sexes,19 ans et plus,1670,ÉVAM,À l'intérieur de,99.9,0.1,,10 - 35,% de l’apport énergétique total
Potassium,Canada excluant les territoires,Hommes,19 ans et plus,6193,AS,Supérieur à,29.6,1.2,,3400,mg/j
Potassium,Canada excluant les territoires,Femmes,19 ans et plus,6841,AS,Supérieur à,35.7,1.7,,2600,mg/j
Potassium,Canada excluant les territoires,Les deux sexes,19 ans et plus,13034,AS,Supérieur à,32.7,1.1,,,
Potassium,Terre-Neuve-et-Labrador,Hommes,19 ans et plus,400,AS,Supérieur à,20.7,2.6,,3400,mg/j
Potassium,Terre-Neuve-et-Labrador,Femmes,19 ans et plus,426,AS,Supérieur à,22.5,3.3,,2600,mg/j
Potassium,Terre-Neuve-et-Labrador,Les deux sexes,19 ans et plus,826,AS,Supérieur à,21.6,2.3,,,
Potassium,Île-du-Prince-Édouard,Hommes,19 ans et plus,313,AS,Supérieur à,27.5,2.7,,3400,mg/j
Potassium,Île-du-Prince-Édouard,Femmes,19 ans et plus,371,AS,Supérieur à,33.2,3.3,,2600,mg/j
Potassium,Île-du-Prince-Édouard,Les deux sexes,19 ans et plus,684,AS,Supérieur à,30.4,2.1,,,
Potassium,Nouvelle-Écosse,Hommes,19 ans et plus,422,AS,Supérieur à,34.1,3.0,,3400,mg/j
Potassium,Nouvelle-Écosse,Femmes,19 ans et plus,534,AS,Supérieur à,32.9,3.3,,2600,mg/j
Potassium,Nouvelle-Écosse,Les deux sexes,19 ans et plus,956,AS,Supérieur à,33.5,2.3,,,
Potassium,Nouveau-Brunswick,Hommes,19 ans et plus,371,AS,Supérieur à,30.0,3.1,,3400,mg/j
Potassium,Nouveau-Brunswick,Femmes,19 ans et plus,463,AS,Supérieur à,30.3,3.0,,2600,mg/j
Potassium,Nouveau-Brunswick,Les deux sexes,19 ans et plus,834,AS,Supérieur à,30.2,2.1,,,
Potassium,Québec,Hommes,19 ans et plus,1009,AS,Supérieur à,33.8,2.1,,3400,mg/j
Potassium,Québec,Femmes,19 ans et plus,1113,AS,Supérieur à,46.7,2.7,,2600,mg/j
Potassium,Québec,Les deux sexes,19 ans et plus,2122,AS,Supérieur à,40.2,1.7,,,
Potassium,Ontario,Hommes,19 ans et plus,1321,AS,Supérieur à,26.4,1.5,,3400,mg/j
Potassium,Ontario,Femmes,19 ans et plus,1489,AS,Supérieur à,32.0,2.3,,2600,mg/j
Potassium,Ontario,Les deux sexes,19 ans et plus,2810,AS,Supérieur à,29.2,1.4,,,
Potassium,Manitoba,Hommes,19 ans et plus,396,AS,Supérieur à,25.2,2.5,,3400,mg/j
Potassium,Manitoba,Femmes,19 ans et plus,464,AS,Supérieur à,32.7,3.1,,2600,mg/j
Potassium,Manitoba,Les deux sexes,19 ans et plus,860,AS,Supérieur à,28.9,2.0,,,
Potassium,Saskatchewan,Hommes,19 ans et plus,420,AS,Supérieur à,27.4,3.0,,3400,mg/j
Potassium,Saskatchewan,Femmes,19 ans et plus,455,AS,Supérieur à,39.1,4.2,,2600,mg/j
Potassium,Saskatchewan,Les deux sexes,19 ans et plus,875,AS,Supérieur à,33.2,2.5,,,
Potassium,Alberta,Hommes,19 ans et plus,701,AS,Supérieur à,30.8,2.6,,3400,mg/j
Potassium,Alberta,Femmes,19 ans et plus,696,AS,Supérieur à,29.5,3.6,,2600,mg/j
Potassium,Alberta,Les deux sexes,19 ans et plus,1397,AS,Supérieur à,30.2,2.2,,,
Potassium,Colombie-Britannique,Hommes,19 ans et plus,840,AS,Supérieur à,32.2,2.7,,3400,mg/j
Potassium,Colombie-Britannique,Femmes,19 ans et plus,830,AS,Supérieur à,35.6,2.8,,2600,mg/j
Potassium,Colombie-Britannique,Les deux sexes,19 ans et plus,1670,AS,Supérieur à,33.9,2.0,,,
Sodium,Canada excluant les territoires,Hommes,19 ans et plus,6193,RRMC,Supérieur à,80.9,1.7,,2300,mg/j
Sodium,Canada excluant les territoires,Femmes,19 ans et plus,6841,RRMC,Supérieur à,46.7,1.7,,2300,mg/j
Sodium,Canada excluant les territoires,Les deux sexes,19 ans et plus,13034,RRMC,Supérieur à,63.8,1.2,,2300,mg/j
Sodium,Terre-Neuve-et-Labrador,Hommes,19 ans et plus,400,RRMC,Supérieur à,75.8,3.1,,2300,mg/j
Sodium,Terre-Neuve-et-Labrador,Femmes,19 ans et plus,426,RRMC,Supérieur à,42.1,4.1,,2300,mg/j
Sodium,Terre-Neuve-et-Labrador,Les deux sexes,19 ans et plus,826,RRMC,Supérieur à,58.8,2.8,,2300,mg/j
Sodium,Île-du-Prince-Édouard,Hommes,19 ans et plus,313,RRMC,Supérieur à,84.4,2.7,,2300,mg/j
Sodium,Île-du-Prince-Édouard,Femmes,19 ans et plus,371,RRMC,Supérieur à,45.0,3.6,,2300,mg/j
Sodium,Île-du-Prince-Édouard,Les deux sexes,19 ans et plus,684,RRMC,Supérieur à,64.5,2.4,,2300,mg/j
Sodium,Nouvelle-Écosse,Hommes,19 ans et plus,422,RRMC,Supérieur à,86.0,2.7,,2300,mg/j
Sodium,Nouvelle-Écosse,Femmes,19 ans et plus,534,RRMC,Supérieur à,50.9,3.8,,2300,mg/j
Sodium,Nouvelle-Écosse,Les deux sexes,19 ans et plus,956,RRMC,Supérieur à,68.0,2.4,,2300,mg/j
Sodium,Nouveau-Brunswick,Hommes,19 ans et plus,371,RRMC,Supérieur à,81.3,3.0,,2300,mg/j
Sodium,Nouveau-Brunswick,Femmes,19 ans et plus,463,RRMC,Supérieur à,47.4,3.5,,2300,mg/j
Sodium,Nouveau-Brunswick,Les deux sexes,19 ans et plus,834,RRMC,Supérieur à,64.2,2.1,,2300,mg/j
Sodium,Québec,Hommes,19 ans et plus,1009,RRMC,Supérieur à,87.6,1.7,,2300,mg/j
Sodium,Québec,Femmes,19 ans et plus,1113,RRMC,Supérieur à,59.6,2.7,,2300,mg/j
Sodium,Québec,Les deux sexes,19 ans et plus,2122,RRMC,Supérieur à,73.6,1.6,,2300,mg/j
Sodium,Ontario,Hommes,19 ans et plus,1321,RRMC,Supérieur à,76.0,2.2,,2300,mg/j
Sodium,Ontario,Femmes,19 ans et plus,1489,RRMC,Supérieur à,39.9,2.3,,2300,mg/j
Sodium,Ontario,Les deux sexes,19 ans et plus,2810,RRMC,Supérieur à,57.7,1.6,,2300,mg/j
Sodium,Manitoba,Hommes,19 ans et plus,396,RRMC,Supérieur à,84.5,2.5,,2300,mg/j
Sodium,Manitoba,Femmes,19 ans et plus,464,RRMC,Supérieur à,49.8,3.7,,2300,mg/j
Sodium,Manitoba,Les deux sexes,19 ans et plus,860,RRMC,Supérieur à,67.3,2.2,,2300,mg/j
Sodium,Saskatchewan,Hommes,19 ans et plus,420,RRMC,Supérieur à,84.7,2.6,,2300,mg/j
Sodium,Saskatchewan,Femmes,19 ans et plus,455,RRMC,Supérieur à,50.8,4.6,,2300,mg/j
Sodium,Saskatchewan,Les deux sexes,19 ans et plus,875,RRMC,Supérieur à,68.0,2.8,,2300,mg/j
Sodium,Alberta,Hommes,19 ans et plus,701,RRMC,Supérieur à,80.0,2.7,,2300,mg/j
Sodium,Alberta,Femmes,19 ans et plus,696,RRMC,Supérieur à,40.2,3.7,,2300,mg/j
Sodium,Alberta,Les deux sexes,19 ans et plus,1397,RRMC,Supérieur à,61.0,2.4,,2300,mg/j
Sodium,Colombie-Britannique,Hommes,19 ans et plus,840,RRMC,Supérieur à,81.5,2.3,,2300,mg/j
Sodium,Colombie-Britannique,Femmes,19 ans et plus,830,RRMC,Supérieur à,47.6,3.3,,2300,mg/j
Sodium,Colombie-Britannique,Les deux sexes,19 ans et plus,1670,RRMC,Supérieur à,64.4,1.9,,2300,mg/j
Vitamine A,Canada excluant les territoires,Hommes,19 ans et plus,6193,BME,Inférieur au,45.3,2.3,,625,mcg/j (Équivalents d’activité du rétino)
Vitamine A,Canada excluant les territoires,Femmes,19 ans et plus,6841,BME,Inférieur au,37.7,2.1,,500,mcg/j (Équivalents d’activité du rétino)
Vitamine A,Canada excluant les territoires,Les deux sexes,19 ans et plus,13034,BME,Inférieur au,41.5,1.6,,,
Vitamine A,Terre-Neuve-et-Labrador,Hommes,19 ans et plus,400,BME,Inférieur au,59.7,3.6,,625,mcg/j (Équivalents d’activité du rétino)
Vitamine A,Terre-Neuve-et-Labrador,Femmes,19 ans et plus,426,BME,Inférieur au,59.2,3.8,,500,mcg/j (Équivalents d’activité du rétino)
Vitamine A,Terre-Neuve-et-Labrador,Les deux sexes,19 ans et plus,826,BME,Inférieur au,59.5,2.8,,,
Vitamine A,Île-du-Prince-Édouard,Hommes,19 ans et plus,313,BME,Inférieur au,42.8,4.0,,625,mcg/j (Équivalents d’activité du rétino)
Vitamine A,Île-du-Prince-Édouard,Femmes,19 ans et plus,371,BME,Inférieur au,38.6,3.6,,500,mcg/j (Équivalents d’activité du rétino)
Vitamine A,Île-du-Prince-Édouard,Les deux sexes,19 ans et plus,684,BME,Inférieur au,40.7,2.8,,,
Vitamine A,Nouvelle-Écosse,Hommes,19 ans et plus,422,BME,Inférieur au,43.5,3.5,,625,mcg/j (Équivalents d’activité du rétino)
Vitamine A,Nouvelle-Écosse,Femmes,19 ans et plus,534,BME,Inférieur au,34.5,4.5,,500,mcg/j (Équivalents d’activité du rétino)
Vitamine A,Nouvelle-Écosse,Les deux sexes,19 ans et plus,956,BME,Inférieur au,38.9,3.1,,,
Vitamine A,Nouveau-Brunswick,Hommes,19 ans et plus,371,BME,Inférieur au,40.5,4.0,,625,mcg/j (Équivalents d’activité du rétino)
Vitamine A,Nouveau-Brunswick,Femmes,19 ans et plus,463,BME,Inférieur au,37.6,3.8,,500,mcg/j (Équivalents d’activité du rétino)
Vitamine A,Nouveau-Brunswick,Les deux sexes,19 ans et plus,834,BME,Inférieur au,39.1,2.7,,,
Vitamine A,Québec,Hommes,19 ans et plus,1009,BME,Inférieur au,32.5,3.3,,625,mcg/j (Équivalents d’activité du rétino)
Vitamine A,Québec,Femmes,19 ans et plus,1113,BME,Inférieur au,25.9,3.1,,500,mcg/j (Équivalents d’activité du rétino)
Vitamine A,Québec,Les deux sexes,19 ans et plus,2122,BME,Inférieur au,29.2,2.3,,,
Vitamine A,Ontario,Hommes,19 ans et plus,1321,BME,Inférieur au,53.8,3.0,,625,mcg/j (Équivalents d’activité du rétino)
Vitamine A,Ontario,Femmes,19 ans et plus,1489,BME,Inférieur au,42.8,2.6,,500,mcg/j (Équivalents d’activité du rétino)
Vitamine A,Ontario,Les deux sexes,19 ans et plus,2810,BME,Inférieur au,48.3,2.0,,,
Vitamine A,Manitoba,Hommes,19 ans et plus,396,BME,Inférieur au,47.2,4.0,,625,mcg/j (Équivalents d’activité du rétino)
Vitamine A,Manitoba,Femmes,19 ans et plus,464,BME,Inférieur au,41.2,3.5,,500,mcg/j (Équivalents d’activité du rétino)
Vitamine A,Manitoba,Les deux sexes,19 ans et plus,860,BME,Inférieur au,44.2,2.7,,,
Vitamine A,Saskatchewan,Hommes,19 ans et plus,420,BME,Inférieur au,44.1,4.1,,625,mcg/j (Équivalents d’activité du rétino)
Vitamine A,Saskatchewan,Femmes,19 ans et plus,455,BME,Inférieur au,34.2,3.9,,500,mcg/j (Équivalents d’activité du rétino)
Vitamine A,Saskatchewan,Les deux sexes,19 ans et plus,875,BME,Inférieur au,39.2,3.0,,,
Vitamine A,Alberta,Hommes,19 ans et plus,701,BME,Inférieur au,46.6,3.5,,625,mcg/j (Équivalents d’activité du rétino)
Vitamine A,Alberta,Femmes,19 ans et plus,696,BME,Inférieur au,42.8,3.9,,500,mcg/j (Équivalents d’activité du rétino)
Vitamine A,Alberta,Les deux sexes,19 ans et plus,1397,BME,Inférieur au,44.8,2.7,,,
Vitamine A,Colombie-Britannique,Hommes,19 ans et plus,840,BME,Inférieur au,41.5,3.3,,625,mcg/j (Équivalents d’activité du rétino)
Vitamine A,Colombie-Britannique,Femmes,19 ans et plus,830,BME,Inférieur au,37.8,3.4,,500,mcg/j (Équivalents d’activité du rétino)
Vitamine A,Colombie-Britannique,Les deux sexes,19 ans et plus,1670,BME,Inférieur au,39.6,2.5,,,
Vitamine C,Canada excluant les territoires,Hommes,19 ans et plus,6193,BME,Inférieur au,39.6,1.7,,75,mg/j
Vitamine C,Canada excluant les territoires,Femmes,19 ans et plus,6841,BME,Inférieur au,28.6,2.0,,60,mg/j
Vitamine C,Canada excluant les territoires,Les deux sexes,19 ans et plus,13034,BME,Inférieur au,34.1,1.3,,,
Vitamine C,Terre-Neuve-et-Labrador,Hommes,19 ans et plus,400,BME,Inférieur au,49.9,3.4,,75,mg/j
Vitamine C,Terre-Neuve-et-Labrador,Femmes,19 ans et plus,426,BME,Inférieur au,37.8,3.5,,60,mg/j
Vitamine C,Terre-Neuve-et-Labrador,Les deux sexes,19 ans et plus,826,BME,Inférieur au,43.8,2.4,,,
Vitamine C,Île-du-Prince-Édouard,Hommes,19 ans et plus,313,BME,Inférieur au,54.0,3.2,,75,mg/j
Vitamine C,Île-du-Prince-Édouard,Femmes,19 ans et plus,371,BME,Inférieur au,41.0,3.5,,60,mg/j
Vitamine C,Île-du-Prince-Édouard,Les deux sexes,19 ans et plus,684,BME,Inférieur au,47.4,2.4,,,
Vitamine C,Nouvelle-Écosse,Hommes,19 ans et plus,422,BME,Inférieur au,43.1,2.8,,75,mg/j
Vitamine C,Nouvelle-Écosse,Femmes,19 ans et plus,534,BME,Inférieur au,40.9,3.3,,60,mg/j
Vitamine C,Nouvelle-Écosse,Les deux sexes,19 ans et plus,956,BME,Inférieur au,42.0,2.2,,,
Vitamine C,Nouveau-Brunswick,Hommes,19 ans et plus,371,BME,Inférieur au,51.6,3.7,,75,mg/j
Vitamine C,Nouveau-Brunswick,Femmes,19 ans et plus,463,BME,Inférieur au,36.1,3.7,,60,mg/j
Vitamine C,Nouveau-Brunswick,Les deux sexes,19 ans et plus,834,BME,Inférieur au,43.8,2.5,,,
Vitamine C,Québec,Hommes,19 ans et plus,1009,BME,Inférieur au,31.8,2.6,,75,mg/j
Vitamine C,Québec,Femmes,19 ans et plus,1113,BME,Inférieur au,19.0,2.4,,60,mg/j
Vitamine C,Québec,Les deux sexes,19 ans et plus,2122,BME,Inférieur au,25.4,1.8,,,
Vitamine C,Ontario,Hommes,19 ans et plus,1321,BME,Inférieur au,39.9,2.2,,75,mg/j
Vitamine C,Ontario,Femmes,19 ans et plus,1489,BME,Inférieur au,30.1,2.4,,60,mg/j
Vitamine C,Ontario,Les deux sexes,19 ans et plus,2810,BME,Inférieur au,34.9,1.6,,,
Vitamine C,Manitoba,Hommes,19 ans et plus,396,BME,Inférieur au,48.3,3.0,,75,mg/j
Vitamine C,Manitoba,Femmes,19 ans et plus,464,BME,Inférieur au,37.1,3.6,,60,mg/j
Vitamine C,Manitoba,Les deux sexes,19 ans et plus,860,BME,Inférieur au,42.7,2.3,,,
Vitamine C,Saskatchewan,Hommes,19 ans et plus,420,BME,Inférieur au,48.5,3.6,,75,mg/j
Vitamine C,Saskatchewan,Femmes,19 ans et plus,455,BME,Inférieur au,33.8,3.5,,60,mg/j
Vitamine C,Saskatchewan,Les deux sexes,19 ans et plus,875,BME,Inférieur au,41.3,2.5,,,
Vitamine C,Alberta,Hommes,19 ans et plus,701,BME,Inférieur au,44.4,3.1,,75,mg/j
Vitamine C,Alberta,Femmes,19 ans et plus,696,BME,Inférieur au,34.8,3.0,,60,mg/j
Vitamine C,Alberta,Les deux sexes,19 ans et plus,1397,BME,Inférieur au,39.8,2.1,,,
Vitamine C,Colombie-Britannique,Hommes,19 ans et plus,840,BME,Inférieur au,40.0,2.9,,75,mg/j
Vitamine C,Colombie-Britannique,Femmes,19 ans et plus,830,BME,Inférieur au,27.5,2.7,,60,mg/j
Vitamine C,Colombie-Britannique,Les deux sexes,19 ans et plus,1670,BME,Inférieur au,33.7,2.0,,,
Vitamine D,Canada excluant les territoires,Hommes,19 ans et plus,6193,BME,Inférieur au,94.1,0.9,,10,mcg/j
Vitamine D,Canada excluant les territoires,Femmes,19 ans et plus,6841,BME,Inférieur au,98.5,0.4,,10,mcg/j
Vitamine D,Canada excluant les territoires,Les deux sexes,19 ans et plus,13034,BME,Inférieur au,96.3,0.5,,10,mcg/j
Vitamine D,Terre-Neuve-et-Labrador,Hommes,19 ans et plus,400,BME,Inférieur au,93.5,1.5,,10,mcg/j
Vitamine D,Terre-Neuve-et-Labrador,Femmes,19 ans et plus,426,BME,Inférieur au,98.8,0.6,,10,mcg/j
Vitamine D,Terre-Neuve-et-Labrador,Les deux sexes,19 ans et plus,826,BME,Inférieur au,96.1,0.8,,10,mcg/j
Vitamine D,Île-du-Prince-Édouard,Hommes,19 ans et plus,313,BME,Inférieur au,88.9,2.0,,10,mcg/j
Vitamine D,Île-du-Prince-Édouard,Femmes,19 ans et plus,371,BME,Inférieur au,97.5,0.7,,10,mcg/j
Vitamine D,Île-du-Prince-Édouard,Les deux sexes,19 ans et plus,684,BME,Inférieur au,93.3,1.0,,10,mcg/j
Vitamine D,Nouvelle-Écosse,Hommes,19 ans et plus,422,BME,Inférieur au,90.7,1.5,,10,mcg/j
Vitamine D,Nouvelle-Écosse,Femmes,19 ans et plus,534,BME,Inférieur au,97.6,0.8,,10,mcg/j
Vitamine D,Nouvelle-Écosse,Les deux sexes,19 ans et plus,956,BME,Inférieur au,94.3,0.9,,10,mcg/j
Vitamine D,Nouveau-Brunswick,Hommes,19 ans et plus,371,BME,Inférieur au,89.6,1.9,,10,mcg/j
Vitamine D,Nouveau-Brunswick,Femmes,19 ans et plus,463,BME,Inférieur au,97.1,0.8,,10,mcg/j
Vitamine D,Nouveau-Brunswick,Les deux sexes,19 ans et plus,834,BME,Inférieur au,93.4,1.0,,10,mcg/j
Vitamine D,Québec,Hommes,19 ans et plus,1009,BME,Inférieur au,92.1,1.4,,10,mcg/j
Vitamine D,Québec,Femmes,19 ans et plus,1113,BME,Inférieur au,97.6,0.7,,10,mcg/j
Vitamine D,Québec,Les deux sexes,19 ans et plus,2122,BME,Inférieur au,94.8,0.8,,10,mcg/j
Vitamine D,Ontario,Hommes,19 ans et plus,1321,BME,Inférieur au,95.6,0.9,,10,mcg/j
Vitamine D,Ontario,Femmes,19 ans et plus,1489,BME,Inférieur au,99.0,0.4,,10,mcg/j
Vitamine D,Ontario,Les deux sexes,19 ans et plus,2810,BME,Inférieur au,97.3,0.5,,10,mcg/j
Vitamine D,Manitoba,Hommes,19 ans et plus,396,BME,Inférieur au,94.7,1.3,,10,mcg/j
Vitamine D,Manitoba,Femmes,19 ans et plus,464,BME,Inférieur au,98.0,0.6,,10,mcg/j
Vitamine D,Manitoba,Les deux sexes,19 ans et plus,860,BME,Inférieur au,96.3,0.7,,10,mcg/j
Vitamine D,Saskatchewan,Hommes,19 ans et plus,420,BME,Inférieur au,93.3,2.0,,10,mcg/j
Vitamine D,Saskatchewan,Femmes,19 ans et plus,455,BME,Inférieur au,97.2,0.8,,10,mcg/j
Vitamine D,Saskatchewan,Les deux sexes,19 ans et plus,875,BME,Inférieur au,95.2,1.1,,10,mcg/j
Vitamine D,Alberta,Hommes,19 ans et plus,701,BME,Inférieur au,95.6,1.1,,10,mcg/j
Vitamine D,Alberta,Femmes,19 ans et plus,696,BME,Inférieur au,99.0,0.4,,10,mcg/j
Vitamine D,Alberta,Les deux sexes,19 ans et plus,1397,BME,Inférieur au,97.2,0.6,,10,mcg/j
Vitamine D,Colombie-Britannique,Hommes,19 ans et plus,840,BME,Inférieur au,94.0,1.3,,10,mcg/j
Vitamine D,Colombie-Britannique,Femmes,19 ans et plus,830,BME,Inférieur au,98.9,0.4,,10,mcg/j
Vitamine D,Colombie-Britannique,Les deux sexes,19 ans et plus,1670,BME,Inférieur au,96.4,0.7,,10,mcg/j
Zinc,Canada excluant les territoires,Hommes,19 ans et plus,6193,BME,Inférieur au,23.2,2.1,,9.4,mg/j
Zinc,Canada excluant les territoires,Femmes,19 ans et plus,6841,BME,Inférieur au,19.5,2.6,,6.8,mg/j
Zinc,Canada excluant les territoires,Les deux sexes,19 ans et plus,13034,BME,Inférieur au,21.4,1.7,,,
Zinc,Terre-Neuve-et-Labrador,Hommes,19 ans et plus,400,BME,Inférieur au,34.9,4.4,,9.4,mg/j
Zinc,Terre-Neuve-et-Labrador,Femmes,19 ans et plus,426,BME,Inférieur au,28.1,4.5,,6.8,mg/j
Zinc,Terre-Neuve-et-Labrador,Les deux sexes,19 ans et plus,826,BME,Inférieur au,31.5,3.4,,,
Zinc,Île-du-Prince-Édouard,Hommes,19 ans et plus,313,BME,Inférieur au,26.2,3.4,,9.4,mg/j
Zinc,Île-du-Prince-Édouard,Femmes,19 ans et plus,371,BME,Inférieur au,21.6,3.5,,6.8,mg/j
Zinc,Île-du-Prince-Édouard,Les deux sexes,19 ans et plus,684,BME,Inférieur au,23.9,2.4,,,
Zinc,Nouvelle-Écosse,Hommes,19 ans et plus,422,BME,Inférieur au,21.2,3.3,,9.4,mg/j
Zinc,Nouvelle-Écosse,Femmes,19 ans et plus,534,BME,Inférieur au,19.3,3.6,E,6.8,mg/j
Zinc,Nouvelle-Écosse,Les deux sexes,19 ans et plus,956,BME,Inférieur au,20.2,2.5,,,
Zinc,Nouveau-Brunswick,Hommes,19 ans et plus,371,BME,Inférieur au,24.3,3.4,,9.4,mg/j
Zinc,Nouveau-Brunswick,Femmes,19 ans et plus,463,BME,Inférieur au,22.9,3.7,,6.8,mg/j
Zinc,Nouveau-Brunswick,Les deux sexes,19 ans et plus,834,BME,Inférieur au,23.6,2.5,,,
Zinc,Québec,Hommes,19 ans et plus,1009,BME,Inférieur au,20.4,2.8,,9.4,mg/j
Zinc,Québec,Femmes,19 ans et plus,1113,BME,Inférieur au,15.5,2.8,E,6.8,mg/j
Zinc,Québec,Les deux sexes,19 ans et plus,2122,BME,Inférieur au,17.9,2.0,,,
Zinc,Ontario,Hommes,19 ans et plus,1321,BME,Inférieur au,26.5,2.6,,9.4,mg/j
Zinc,Ontario,Femmes,19 ans et plus,1489,BME,Inférieur au,21.9,2.9,,6.8,mg/j
Zinc,Ontario,Les deux sexes,19 ans et plus,2810,BME,Inférieur au,24.2,2.0,,,
Zinc,Manitoba,Hommes,19 ans et plus,396,BME,Inférieur au,22.6,3.4,,9.4,mg/j
Zinc,Manitoba,Femmes,19 ans et plus,464,BME,Inférieur au,22.6,3.9,E,6.8,mg/j
Zinc,Manitoba,Les deux sexes,19 ans et plus,860,BME,Inférieur au,22.6,2.6,,,
Zinc,Saskatchewan,Hommes,19 ans et plus,420,BME,Inférieur au,24.3,3.8,,9.4,mg/j
Zinc,Saskatchewan,Femmes,19 ans et plus,455,BME,Inférieur au,12.3,3.3,E,6.8,mg/j
Zinc,Saskatchewan,Les deux sexes,19 ans et plus,875,BME,Inférieur au,18.4,2.6,,,
Zinc,Alberta,Hommes,19 ans et plus,701,BME,Inférieur au,17.8,2.5,,9.4,mg/j
Zinc,Alberta,Femmes,19 ans et plus,696,BME,Inférieur au,19.2,3.5,E,6.8,mg/j
Zinc,Alberta,Les deux sexes,19 ans et plus,1397,BME,Inférieur au,18.5,2.1,,,
Zinc,Colombie-Britannique,Hommes,19 ans et plus,840,BME,Inférieur au,22.4,2.7,,9.4,mg/j
Zinc,Colombie-Britannique,Femmes,19 ans et plus,830,BME,Inférieur au,19.3,3.5,E,6.8,mg/j
Zinc,Colombie-Britannique,Les deux sexes,19 ans et plus,1670,BME,Inférieur au,20.8,2.2,,,
Vitamine B6,Canada excluant les territoires,Hommes,19 ans et plus,6193,BME,Inférieur au,12,1.4,,,
Vitamine B6,Canada excluant les territoires,Femmes,19 ans et plus,6841,BME,Inférieur au,30,2,,,
Vitamine B6,Canada excluant les territoires,Les deux sexes,19 ans et plus,13034,BME,Inférieur au,21,1.2,,,
Vitamine B6,Terre-Neuve-et-Labrador,Hommes,19 ans et plus,400,BME,Inférieur au,19.8,2.7,,,
Vitamine B6,Terre-Neuve-et-Labrador,Femmes,19 ans et plus,426,BME,Inférieur au,39.7,4.2,,,
Vitamine B6,Terre-Neuve-et-Labrador,Les deux sexes,19 ans et plus,826,BME,Inférieur au,29.8,2.5,,,
Vitamine B6,Île-du-Prince-Édouard,Hommes,19 ans et plus,313,BME,Inférieur au,19.7,2.7,,,
Vitamine B6,Île-du-Prince-Édouard,Femmes,19 ans et plus,371,BME,Inférieur au,34.6,3.5,,,
Vitamine B6,Île-du-Prince-Édouard,Les deux sexes,19 ans et plus,684,BME,Inférieur au,27.2,2.2,,,
Vitamine B6,Nouvelle-Écosse,Hommes,19 ans et plus,422,BME,Inférieur au,14.4,2.2,,,
Vitamine B6,Nouvelle-Écosse,Femmes,19 ans et plus,534,BME,Inférieur au,35.9,3.5,,,
Vitamine B6,Nouvelle-Écosse,Les deux sexes,19 ans et plus,956,BME,Inférieur au,25.4,2.1,,,
Vitamine B6,Nouveau-Brunswick,Hommes,19 ans et plus,371,BME,Inférieur au,15.7,2.7,E,,
Vitamine B6,Nouveau-Brunswick,Femmes,19 ans et plus,463,BME,Inférieur au,37.9,3.1,,,
Vitamine B6,Nouveau-Brunswick,Les deux sexes,19 ans et plus,834,BME,Inférieur au,26.9,1.9,,,
Vitamine B6,Québec,Hommes,19 ans et plus,1009,BME,Inférieur au,10.8,1.5,,,
Vitamine B6,Québec,Femmes,19 ans et plus,1113,BME,Inférieur au,24.5,2.3,,,
Vitamine B6,Québec,Les deux sexes,19 ans et plus,2122,BME,Inférieur au,17.7,1.4,,,
Vitamine B6,Ontario,Hommes,19 ans et plus,1321,BME,Inférieur au,13,1.7,,,
Vitamine B6,Ontario,Femmes,19 ans et plus,1489,BME,Inférieur au,31.2,2.5,,,
Vitamine B6,Ontario,Les deux sexes,19 ans et plus,2810,BME,Inférieur au,22.2,1.5,,,
Vitamine B6,Manitoba,Hommes,19 ans et plus,396,BME,Inférieur au,15.9,2.4,,,
Vitamine B6,Manitoba,Femmes,19 ans et plus,464,BME,Inférieur au,34.8,3.4,,,
Vitamine B6,Manitoba,Les deux sexes,19 ans et plus,860,BME,Inférieur au,25.2,2.1,,,
Vitamine B6,Saskatchewan,Hommes,19 ans et plus,420,BME,Inférieur au,18.9,2.9,,,
Vitamine B6,Saskatchewan,Femmes,19 ans et plus,455,BME,Inférieur au,29.1,3.9,,,
Vitamine B6,Saskatchewan,Les deux sexes,19 ans et plus,875,BME,Inférieur au,23.9,2.4,,,
Vitamine B6,Alberta,Hommes,19 ans et plus,701,BME,Inférieur au,8.5,1.7,E,,
Vitamine B6,Alberta,Femmes,19 ans et plus,696,BME,Inférieur au,35.2,3.4,,,
Vitamine B6,Alberta,Les deux sexes,19 ans et plus,1397,BME,Inférieur au,21.2,1.8,,,
Vitamine B6,Colombie-Britannique,Hommes,19 ans et plus,840,BME,Inférieur au,9.4,1.6,E,,
Vitamine B6,Colombie-Britannique,Femmes,19 ans et plus,830,BME,Inférieur au,27.3,2.9,,,
Vitamine B6,Colombie-Britannique,Les deux sexes,19 ans et plus,1670,BME,Inférieur au,18.4,1.6,,,
Calcium,Canada excluant les territoires,Les deux sexes,1 à 8 ans,2487,BME,Inférieur au,24.6,1.8,,,
Calcium,Terre-Neuve-et-Labrador,Les deux sexes,1 à 8 ans,151,BME,Inférieur au,27.8,3.9,,,
Calcium,Île-du-Prince-Édouard,Les deux sexes,1 à 8 ans,163,BME,Inférieur au,20.2,3.9,E,,
Calcium,Nouvelle-Écosse,Les deux sexes,1 à 8 ans,172,BME,Inférieur au,24.0,3.8,,,
Calcium,Nouveau-Brunswick,Les deux sexes,1 à 8 ans,145,BME,Inférieur au,24.0,4.0,E,,
Calcium,Québec,Les deux sexes,1 à 8 ans,393,BME,Inférieur au,20.0,2.6,,,
Calcium,Ontario,Les deux sexes,1 à 8 ans,449,BME,Inférieur au,28.1,2.5,,,
Calcium,Manitoba,Les deux sexes,1 à 8 ans,194,BME,Inférieur au,21.8,3.3,,,
Calcium,Saskatchewan,Les deux sexes,1 à 8 ans,222,BME,Inférieur au,28.4,3.4,,,
Calcium,Alberta,Les deux sexes,1 à 8 ans,316,BME,Inférieur au,23.2,3.2,,,
Calcium,Colombie-Britannique,Les deux sexes,1 à 8 ans,282,BME,Inférieur au,23.3,3.0,,,
Pourcentage de l'apport énergétique total provenant des glucides,Canada excluant les territoires,Les deux sexes,1 à 8 ans,2487,ÉVAM,À l'intérieur de,95.2,1.3,,45 - 65,% de l’apport énergétique total
Pourcentage de l'apport énergétique total provenant des glucides,Terre-Neuve-et-Labrador,Les deux sexes,1 à 8 ans,151,ÉVAM,À l'intérieur de,96.9,1.6,,45 - 65,% de l’apport énergétique total
Pourcentage de l'apport énergétique total provenant des glucides,Île-du-Prince-Édouard,Les deux sexes,1 à 8 ans,163,ÉVAM,À l'intérieur de,96.3,1.5,,45 - 65,% de l’apport énergétique total
Pourcentage de l'apport énergétique total provenant des glucides,Nouvelle-Écosse,Les deux sexes,1 à 8 ans,172,ÉVAM,À l'intérieur de,95.4,1.6,,45 - 65,% de l’apport énergétique total
Pourcentage de l'apport énergétique total provenant des glucides,Nouveau-Brunswick,Les deux sexes,1 à 8 ans,145,ÉVAM,À l'intérieur de,95.4,1.9,,45 - 65,% de l’apport énergétique total
Pourcentage de l'apport énergétique total provenant des glucides,Québec,Les deux sexes,1 à 8 ans,393,ÉVAM,À l'intérieur de,94.4,1.6,,45 - 65,% de l’apport énergétique total
Pourcentage de l'apport énergétique total provenant des glucides,Ontario,Les deux sexes,1 à 8 ans,449,ÉVAM,À l'intérieur de,95.6,1.4,,45 - 65,% de l’apport énergétique total
Pourcentage de l'apport énergétique total provenant des glucides,Manitoba,Les deux sexes,1 à 8 ans,194,ÉVAM,À l'intérieur de,96.1,1.4,,45 - 65,% de l’apport énergétique total
Pourcentage de l'apport énergétique total provenant des glucides,Saskatchewan,Les deux sexes,1 à 8 ans,222,ÉVAM,À l'intérieur de,94.8,1.8,,45 - 65,% de l’apport énergétique total
Pourcentage de l'apport énergétique total provenant des glucides,Alberta,Les deux sexes,1 à 8 ans,316,ÉVAM,À l'intérieur de,96.0,1.3,,45 - 65,% de l’apport énergétique total
Pourcentage de l'apport énergétique total provenant des glucides,Colombie-Britannique,Les deux sexes,1 à 8 ans,282,ÉVAM,À l'intérieur de,94.6,1.5,,45 - 65,% de l’apport énergétique total
Pourcentage de l'apport énergétique total provenant des lipides,Canada excluant les territoires,Les deux sexes,1 à 8 ans,2487,ÉVAM,À l'intérieur de,80.1,2.7,,,
Pourcentage de l'apport énergétique total provenant des lipides,Terre-Neuve-et-Labrador,Les deux sexes,1 à 8 ans,151,ÉVAM,À l'intérieur de,79.3,3.6,,,
Pourcentage de l'apport énergétique total provenant des lipides,Île-du-Prince-Édouard,Les deux sexes,1 à 8 ans,163,ÉVAM,À l'intérieur de,81.6,3.1,,,
Pourcentage de l'apport énergétique total provenant des lipides,Nouvelle-Écosse,Les deux sexes,1 à 8 ans,172,ÉVAM,À l'intérieur de,82.7,3.6,,,
Pourcentage de l'apport énergétique total provenant des lipides,Nouveau-Brunswick,Les deux sexes,1 à 8 ans,145,ÉVAM,À l'intérieur de,80.0,3.4,,,
Pourcentage de l'apport énergétique total provenant des lipides,Québec,Les deux sexes,1 à 8 ans,393,ÉVAM,À l'intérieur de,79.7,3.0,,,
Pourcentage de l'apport énergétique total provenant des lipides,Ontario,Les deux sexes,1 à 8 ans,449,ÉVAM,À l'intérieur de,79.5,3.0,,,
Pourcentage de l'apport énergétique total provenant des lipides,Manitoba,Les deux sexes,1 à 8 ans,194,ÉVAM,À l'intérieur de,78.3,2.9,,,
Pourcentage de l'apport énergétique total provenant des lipides,Saskatchewan,Les deux sexes,1 à 8 ans,222,ÉVAM,À l'intérieur de,82.5,3.0,,,
Pourcentage de l'apport énergétique total provenant des lipides,Alberta,Les deux sexes,1 à 8 ans,316,ÉVAM,À l'intérieur de,80.0,3.0,,,
Pourcentage de l'apport énergétique total provenant des lipides,Colombie-Britannique,Les deux sexes,1 à 8 ans,282,ÉVAM,À l'intérieur de,82.4,2.8,,,
Pourcentage de l'apport énergétique total provenant des protéines,Canada excluant les territoires,Les deux sexes,1 à 8 ans,2487,ÉVAM,À l'intérieur de,98.9,0.8,,,
Pourcentage de l'apport énergétique total provenant des protéines,Terre-Neuve-et-Labrador,Les deux sexes,1 à 8 ans,151,ÉVAM,À l'intérieur de,99.5,0.6,,,
Pourcentage de l'apport énergétique total provenant des protéines,Île-du-Prince-Édouard,Les deux sexes,1 à 8 ans,163,ÉVAM,À l'intérieur de,99.2,0.7,,,
Pourcentage de l'apport énergétique total provenant des protéines,Nouvelle-Écosse,Les deux sexes,1 à 8 ans,172,ÉVAM,À l'intérieur de,99.2,0.9,,,
Pourcentage de l'apport énergétique total provenant des protéines,Nouveau-Brunswick,Les deux sexes,1 à 8 ans,145,ÉVAM,À l'intérieur de,98.8,1.1,,,
Pourcentage de l'apport énergétique total provenant des protéines,Québec,Les deux sexes,1 à 8 ans,393,ÉVAM,À l'intérieur de,98.4,1.1,,,
Pourcentage de l'apport énergétique total provenant des protéines,Ontario,Les deux sexes,1 à 8 ans,449,ÉVAM,À l'intérieur de,98.9,0.9,,,
Pourcentage de l'apport énergétique total provenant des protéines,Manitoba,Les deux sexes,1 à 8 ans,194,ÉVAM,À l'intérieur de,99.3,0.9,,,
Pourcentage de l'apport énergétique total provenant des protéines,Saskatchewan,Les deux sexes,1 à 8 ans,222,ÉVAM,À l'intérieur de,99.1,0.8,,,
Pourcentage de l'apport énergétique total provenant des protéines,Alberta,Les deux sexes,1 à 8 ans,316,ÉVAM,À l'intérieur de,99.6,0.6,,,
Pourcentage de l'apport énergétique total provenant des protéines,Colombie-Britannique,Les deux sexes,1 à 8 ans,282,ÉVAM,À l'intérieur de,98.8,0.9,,,
Potassium,Canada excluant les territoires,Les deux sexes,1 à 8 ans,2487,AS,Supérieur à,47.1,3.6,,,
Potassium,Terre-Neuve-et-Labrador,Les deux sexes,1 à 8 ans,151,AS,Supérieur à,47.0,6.1,,,
Potassium,Île-du-Prince-Édouard,Les deux sexes,1 à 8 ans,163,AS,Supérieur à,45.4,6.7,,,
Potassium,Nouvelle-Écosse,Les deux sexes,1 à 8 ans,172,AS,Supérieur à,44.8,6.2,,,
Potassium,Nouveau-Brunswick,Les deux sexes,1 à 8 ans,145,AS,Supérieur à,55.1,7.0,,,
Potassium,Québec,Les deux sexes,1 à 8 ans,393,AS,Supérieur à,58.0,5.5,,,
Potassium,Ontario,Les deux sexes,1 à 8 ans,449,AS,Supérieur à,43.0,5.2,,,
Potassium,Manitoba,Les deux sexes,1 à 8 ans,194,AS,Supérieur à,43.6,5.3,,,
Potassium,Saskatchewan,Les deux sexes,1 à 8 ans,222,AS,Supérieur à,43.3,6.9,,,
Potassium,Alberta,Les deux sexes,1 à 8 ans,316,AS,Supérieur à,39.6,5.8,,,
Potassium,Colombie-Britannique,Les deux sexes,1 à 8 ans,282,AS,Supérieur à,49.0,5.8,,,
Sodium,Canada excluant les territoires,Les deux sexes,1 à 8 ans,2487,RRMC,Supérieur à,92.6,2.3,,,
Sodium,Terre-Neuve-et-Labrador,Les deux sexes,1 à 8 ans,151,RRMC,Supérieur à,95.7,2.1,,,
Sodium,Île-du-Prince-Édouard,Les deux sexes,1 à 8 ans,163,RRMC,Supérieur à,95.7,2.4,,,
Sodium,Nouvelle-Écosse,Les deux sexes,1 à 8 ans,172,RRMC,Supérieur à,94.9,2.2,,,
Sodium,Nouveau-Brunswick,Les deux sexes,1 à 8 ans,145,RRMC,Supérieur à,96.8,2.0,,,
Sodium,Québec,Les deux sexes,1 à 8 ans,393,RRMC,Supérieur à,92.4,2.4,,,
Sodium,Ontario,Les deux sexes,1 à 8 ans,449,RRMC,Supérieur à,91.6,2.7,,,
Sodium,Manitoba,Les deux sexes,1 à 8 ans,194,RRMC,Supérieur à,94.0,2.4,,,
Sodium,Saskatchewan,Les deux sexes,1 à 8 ans,222,RRMC,Supérieur à,95.4,2.1,,,
Sodium,Alberta,Les deux sexes,1 à 8 ans,316,RRMC,Supérieur à,91.7,2.9,,,
Sodium,Colombie-Britannique,Les deux sexes,1 à 8 ans,282,RRMC,Supérieur à,94.4,2.3,,,
Vitamine D,Canada excluant les territoires,Les deux sexes,1 à 8 ans,2487,BME,Inférieur au,94.0,0.8,,10,mcg/j
Vitamine D,Terre-Neuve-et-Labrador,Les deux sexes,1 à 8 ans,151,BME,Inférieur au,95.5,1.3,,10,mcg/j
Vitamine D,Île-du-Prince-Édouard,Les deux sexes,1 à 8 ans,163,BME,Inférieur au,89.0,2.1,,10,mcg/j
Vitamine D,Nouvelle-Écosse,Les deux sexes,1 à 8 ans,172,BME,Inférieur au,93.4,1.3,,10,mcg/j
Vitamine D,Nouveau-Brunswick,Les deux sexes,1 à 8 ans,145,BME,Inférieur au,92.5,1.6,,10,mcg/j
Vitamine D,Québec,Les deux sexes,1 à 8 ans,393,BME,Inférieur au,92.3,1.1,,10,mcg/j
Vitamine D,Ontario,Les deux sexes,1 à 8 ans,449,BME,Inférieur au,94.8,0.9,,10,mcg/j
Vitamine D,Manitoba,Les deux sexes,1 à 8 ans,194,BME,Inférieur au,94.0,1.3,,10,mcg/j
Vitamine D,Saskatchewan,Les deux sexes,1 à 8 ans,222,BME,Inférieur au,90.9,1.8,,10,mcg/j
Vitamine D,Alberta,Les deux sexes,1 à 8 ans,316,BME,Inférieur au,94.8,1.2,,10,mcg/j
Vitamine D,Colombie-Britannique,Les deux sexes,1 à 8 ans,282,BME,Inférieur au,94.9,1.0,,10,mcg/j
Calcium,Canada excluant les territoires,Les deux sexes,9 à 18 ans,3848,BME,Inférieur au,66.2,1.4,,1100,mg/j
Calcium,Terre-Neuve-et-Labrador,Les deux sexes,9 à 18 ans,273,BME,Inférieur au,71.7,2.8,,1100,mg/j
Calcium,Île-du-Prince-Édouard,Les deux sexes,9 à 18 ans,279,BME,Inférieur au,64.9,2.8,,1100,mg/j
Calcium,Nouvelle-Écosse,Les deux sexes,9 à 18 ans,297,BME,Inférieur au,67.4,3.4,,1100,mg/j
Calcium,Nouveau-Brunswick,Les deux sexes,9 à 18 ans,279,BME,Inférieur au,65.9,2.7,,1100,mg/j
Calcium,Québec,Les deux sexes,9 à 18 ans,534,BME,Inférieur au,60.9,2.4,,1100,mg/j
Calcium,Ontario,Les deux sexes,9 à 18 ans,719,BME,Inférieur au,68.1,1.9,,1100,mg/j
Calcium,Manitoba,Les deux sexes,9 à 18 ans,272,BME,Inférieur au,65.6,3.0,,1100,mg/j
Calcium,Saskatchewan,Les deux sexes,9 à 18 ans,292,BME,Inférieur au,65.9,2.7,,1100,mg/j
Calcium,Alberta,Les deux sexes,9 à 18 ans,410,BME,Inférieur au,69.8,3.0,,1100,mg/j
Calcium,Colombie-Britannique,Les deux sexes,9 à 18 ans,493,BME,Inférieur au,65.1,2.3,,1100,mg/j
Folate,Canada excluant les territoires,Les deux sexes,9 à 18 ans,3848,BME,Inférieur au,8.2,1.1,,,
Folate,Terre-Neuve-et-Labrador,Les deux sexes,9 à 18 ans,273,BME,Inférieur au,11.0,1.9,E,,
Folate,Île-du-Prince-Édouard,Les deux sexes,9 à 18 ans,279,BME,Inférieur au,11.7,1.9,,,
Folate,Nouvelle-Écosse,Les deux sexes,9 à 18 ans,297,BME,Inférieur au,14.4,2.6,E,,
Folate,Nouveau-Brunswick,Les deux sexes,9 à 18 ans,279,BME,Inférieur au,9.8,1.9,E,,
Folate,Québec,Les deux sexes,9 à 18 ans,534,BME,Inférieur au,6.4,1.3,E,,
Folate,Ontario,Les deux sexes,9 à 18 ans,719,BME,Inférieur au,7.6,1.3,E,,
Folate,Manitoba,Les deux sexes,9 à 18 ans,272,BME,Inférieur au,8.8,1.5,E,,
Folate,Saskatchewan,Les deux sexes,9 à 18 ans,292,BME,Inférieur au,10.5,1.6,,,
Folate,Alberta,Les deux sexes,9 à 18 ans,410,BME,Inférieur au,11.2,1.8,,,
Folate,Colombie-Britannique,Les deux sexes,9 à 18 ans,493,BME,Inférieur au,7.3,1.4,E,,
Magnésium,Canada excluant les territoires,Les deux sexes,9 à 18 ans,3848,BME,Inférieur au,41.8,1.4,,,
Magnésium,Terre-Neuve-et-Labrador,Les deux sexes,9 à 18 ans,273,BME,Inférieur au,49.0,2.4,,,
Magnésium,Île-du-Prince-Édouard,Les deux sexes,9 à 18 ans,279,BME,Inférieur au,47.4,2.5,,,
Magnésium,Nouvelle-Écosse,Les deux sexes,9 à 18 ans,297,BME,Inférieur au,49.7,2.5,,,
Magnésium,Nouveau-Brunswick,Les deux sexes,9 à 18 ans,279,BME,Inférieur au,46.9,2.5,,,
Magnésium,Québec,Les deux sexes,9 à 18 ans,534,BME,Inférieur au,37.8,1.9,,,
Magnésium,Ontario,Les deux sexes,9 à 18 ans,719,BME,Inférieur au,42.2,1.9,,,
Magnésium,Manitoba,Les deux sexes,9 à 18 ans,272,BME,Inférieur au,46.9,2.3,,,
Magnésium,Saskatchewan,Les deux sexes,9 à 18 ans,292,BME,Inférieur au,44.0,2.4,,,
Magnésium,Alberta,Les deux sexes,9 à 18 ans,410,BME,Inférieur au,45.6,2.5,,,
Magnésium,Colombie-Britannique,Les deux sexes,9 à 18 ans,493,BME,Inférieur au,37.7,2.2,,,
Pourcentage de l'apport énergétique total provenant des glucides,Canada excluant les territoires,Les deux sexes,9 à 18 ans,3848,ÉVAM,À l'intérieur de,95.3,1.3,,45 - 65,% de l’apport énergétique total
Pourcentage de l'apport énergétique total provenant des glucides,Terre-Neuve-et-Labrador,Les deux sexes,9 à 18 ans,273,ÉVAM,À l'intérieur de,96.3,1.3,,45 - 65,% de l’apport énergétique total
Pourcentage de l'apport énergétique total provenant des glucides,Île-du-Prince-Édouard,Les deux sexes,9 à 18 ans,279,ÉVAM,À l'intérieur de,93.7,1.8,,45 - 65,% de l’apport énergétique total
Pourcentage de l'apport énergétique total provenant des glucides,Nouvelle-Écosse,Les deux sexes,9 à 18 ans,297,ÉVAM,À l'intérieur de,96.1,1.5,,45 - 65,% de l’apport énergétique total
Pourcentage de l'apport énergétique total provenant des glucides,Nouveau-Brunswick,Les deux sexes,9 à 18 ans,279,ÉVAM,À l'intérieur de,96.0,1.6,,45 - 65,% de l’apport énergétique total
Pourcentage de l'apport énergétique total provenant des glucides,Québec,Les deux sexes,9 à 18 ans,534,ÉVAM,À l'intérieur de,95.0,1.4,,45 - 65,% de l’apport énergétique total
Pourcentage de l'apport énergétique total provenant des glucides,Ontario,Les deux sexes,9 à 18 ans,719,ÉVAM,À l'intérieur de,95.8,1.4,,45 - 65,% de l’apport énergétique total
Pourcentage de l'apport énergétique total provenant des glucides,Manitoba,Les deux sexes,9 à 18 ans,272,ÉVAM,À l'intérieur de,95.9,1.5,,45 - 65,% de l’apport énergétique total
Pourcentage de l'apport énergétique total provenant des glucides,Saskatchewan,Les deux sexes,9 à 18 ans,292,ÉVAM,À l'intérieur de,92.3,1.9,,45 - 65,% de l’apport énergétique total
Pourcentage de l'apport énergétique total provenant des glucides,Alberta,Les deux sexes,9 à 18 ans,410,ÉVAM,À l'intérieur de,94.2,1.9,,45 - 65,% de l’apport énergétique total
Pourcentage de l'apport énergétique total provenant des glucides,Colombie-Britannique,Les deux sexes,9 à 18 ans,493,ÉVAM,À l'intérieur de,95.3,1.4,,45 - 65,% de l’apport énergétique total
Pourcentage de l'apport énergétique total provenant des lipides,Canada excluant les territoires,Les deux sexes,9 à 18 ans,3848,ÉVAM,À l'intérieur de,80.6,2.5,,20 - 35,% de l’apport énergétique total
Pourcentage de l'apport énergétique total provenant des lipides,Terre-Neuve-et-Labrador,Les deux sexes,9 à 18 ans,273,ÉVAM,À l'intérieur de,79.9,3.1,,20 - 35,% de l’apport énergétique total
Pourcentage de l'apport énergétique total provenant des lipides,Île-du-Prince-Édouard,Les deux sexes,9 à 18 ans,279,ÉVAM,À l'intérieur de,75.4,4.2,,20 - 35,% de l’apport énergétique total
Pourcentage de l'apport énergétique total provenant des lipides,Nouvelle-Écosse,Les deux sexes,9 à 18 ans,297,ÉVAM,À l'intérieur de,79.6,3.3,,20 - 35,% de l’apport énergétique total
Pourcentage de l'apport énergétique total provenant des lipides,Nouveau-Brunswick,Les deux sexes,9 à 18 ans,279,ÉVAM,À l'intérieur de,78.0,4.1,,20 - 35,% de l’apport énergétique total
Pourcentage de l'apport énergétique total provenant des lipides,Québec,Les deux sexes,9 à 18 ans,534,ÉVAM,À l'intérieur de,77.9,2.9,,20 - 35,% de l’apport énergétique total
Pourcentage de l'apport énergétique total provenant des lipides,Ontario,Les deux sexes,9 à 18 ans,719,ÉVAM,À l'intérieur de,82.8,2.8,,20 - 35,% de l’apport énergétique total
Pourcentage de l'apport énergétique total provenant des lipides,Manitoba,Les deux sexes,9 à 18 ans,272,ÉVAM,À l'intérieur de,80.5,3.2,,20 - 35,% de l’apport énergétique total
Pourcentage de l'apport énergétique total provenant des lipides,Saskatchewan,Les deux sexes,9 à 18 ans,292,ÉVAM,À l'intérieur de,79.3,3.1,,20 - 35,% de l’apport énergétique total
Pourcentage de l'apport énergétique total provenant des lipides,Alberta,Les deux sexes,9 à 18 ans,410,ÉVAM,À l'intérieur de,78.8,3.0,,20 - 35,% de l’apport énergétique total
Pourcentage de l'apport énergétique total provenant des lipides,Colombie-Britannique,Les deux sexes,9 à 18 ans,493,ÉVAM,À l'intérieur de,81.1,2.9,,20 - 35,% de l’apport énergétique total
Pourcentage de l'apport énergétique total provenant des protéines,Canada excluant les territoires,Les deux sexes,9 à 18 ans,3848,ÉVAM,À l'intérieur de,99.6,0.2,,10-30,% de l’apport énergétique total
Pourcentage de l'apport énergétique total provenant des protéines,Terre-Neuve-et-Labrador,Les deux sexes,9 à 18 ans,273,ÉVAM,À l'intérieur de,99.4,0.4,,10-30,% de l’apport énergétique total
Pourcentage de l'apport énergétique total provenant des protéines,Île-du-Prince-Édouard,Les deux sexes,9 à 18 ans,279,ÉVAM,À l'intérieur de,99.6,0.3,,10-30,% de l’apport énergétique total
Pourcentage de l'apport énergétique total provenant des protéines,Nouvelle-Écosse,Les deux sexes,9 à 18 ans,297,ÉVAM,À l'intérieur de,99.3,0.6,,10-30,% de l’apport énergétique total
Pourcentage de l'apport énergétique total provenant des protéines,Nouveau-Brunswick,Les deux sexes,9 à 18 ans,279,ÉVAM,À l'intérieur de,99.4,0.4,,10-30,% de l’apport énergétique total
Pourcentage de l'apport énergétique total provenant des protéines,Québec,Les deux sexes,9 à 18 ans,534,ÉVAM,À l'intérieur de,99.4,0.3,,10-30,% de l’apport énergétique total
Pourcentage de l'apport énergétique total provenant des protéines,Ontario,Les deux sexes,9 à 18 ans,719,ÉVAM,À l'intérieur de,99.8,0.2,,10-30,% de l’apport énergétique total
Pourcentage de l'apport énergétique total provenant des protéines,Manitoba,Les deux sexes,9 à 18 ans,272,ÉVAM,À l'intérieur de,99.5,0.3,,10-30,% de l’apport énergétique total
Pourcentage de l'apport énergétique total provenant des protéines,Saskatchewan,Les deux sexes,9 à 18 ans,292,ÉVAM,À l'intérieur de,99.8,0.2,,10-30,% de l’apport énergétique total
Pourcentage de l'apport énergétique total provenant des protéines,Alberta,Les deux sexes,9 à 18 ans,410,ÉVAM,À l'intérieur de,99.6,0.3,,10-30,% de l’apport énergétique total
Pourcentage de l'apport énergétique total provenant des protéines,Colombie-Britannique,Les deux sexes,9 à 18 ans,493,ÉVAM,À l'intérieur de,99.7,0.2,,10-30,% de l’apport énergétique total
Potassium,Canada excluant les territoires,Les deux sexes,9 à 18 ans,3848,AS,Supérieur à,48.8,1.7,,,
Potassium,Terre-Neuve-et-Labrador,Les deux sexes,9 à 18 ans,273,AS,Supérieur à,47.0,3.5,,,
Potassium,Île-du-Prince-Édouard,Les deux sexes,9 à 18 ans,279,AS,Supérieur à,47.0,3.5,,,
Potassium,Nouvelle-Écosse,Les deux sexes,9 à 18 ans,297,AS,Supérieur à,44.5,3.6,,,
Potassium,Nouveau-Brunswick,Les deux sexes,9 à 18 ans,279,AS,Supérieur à,41.0,3.1,,,
Potassium,Québec,Les deux sexes,9 à 18 ans,534,AS,Supérieur à,57.2,2.9,,,
Potassium,Ontario,Les deux sexes,9 à 18 ans,719,AS,Supérieur à,48.4,2.7,,,
Potassium,Manitoba,Les deux sexes,9 à 18 ans,272,AS,Supérieur à,42.4,3.3,,,
Potassium,Saskatchewan,Les deux sexes,9 à 18 ans,292,AS,Supérieur à,44.6,3.6,,,
Potassium,Alberta,Les deux sexes,9 à 18 ans,410,AS,Supérieur à,41.4,3.4,,,
Potassium,Colombie-Britannique,Les deux sexes,9 à 18 ans,493,AS,Supérieur à,48.4,2.7,,,
Sodium,Canada excluant les territoires,Les deux sexes,9 à 18 ans,3848,RRMC,Supérieur à,86.6,1.4,,,
Sodium,Terre-Neuve-et-Labrador,Les deux sexes,9 à 18 ans,273,RRMC,Supérieur à,88.8,1.9,,,
Sodium,Île-du-Prince-Édouard,Les deux sexes,9 à 18 ans,279,RRMC,Supérieur à,83.4,2.0,,,
Sodium,Nouvelle-Écosse,Les deux sexes,9 à 18 ans,297,RRMC,Supérieur à,83.2,2.5,,,
Sodium,Nouveau-Brunswick,Les deux sexes,9 à 18 ans,279,RRMC,Supérieur à,85.2,2.3,,,
Sodium,Québec,Les deux sexes,9 à 18 ans,534,RRMC,Supérieur à,89.7,1.7,,,
Sodium,Ontario,Les deux sexes,9 à 18 ans,719,RRMC,Supérieur à,85.8,1.8,,,
Sodium,Manitoba,Les deux sexes,9 à 18 ans,272,RRMC,Supérieur à,87.3,1.8,,,
Sodium,Saskatchewan,Les deux sexes,9 à 18 ans,292,RRMC,Supérieur à,87.6,1.8,,,
Sodium,Alberta,Les deux sexes,9 à 18 ans,410,RRMC,Supérieur à,84.1,2.2,,,
Sodium,Colombie-Britannique,Les deux sexes,9 à 18 ans,493,RRMC,Supérieur à,86.6,1.9,,,
Vitamine A,Canada excluant les territoires,Les deux sexes,9 à 18 ans,3848,BME,Inférieur au,28.9,2.0,,,
Vitamine A,Terre-Neuve-et-Labrador,Les deux sexes,9 à 18 ans,273,BME,Inférieur au,43.5,3.4,,,
Vitamine A,Île-du-Prince-Édouard,Les deux sexes,9 à 18 ans,279,BME,Inférieur au,27.9,3.2,,,
Vitamine A,Nouvelle-Écosse,Les deux sexes,9 à 18 ans,297,BME,Inférieur au,34.0,3.8,,,
Vitamine A,Nouveau-Brunswick,Les deux sexes,9 à 18 ans,279,BME,Inférieur au,31.6,3.6,,,
Vitamine A,Québec,Les deux sexes,9 à 18 ans,534,BME,Inférieur au,22.8,2.4,,,
Vitamine A,Ontario,Les deux sexes,9 à 18 ans,719,BME,Inférieur au,30.2,2.6,,,
Vitamine A,Manitoba,Les deux sexes,9 à 18 ans,272,BME,Inférieur au,33.1,3.7,,,
Vitamine A,Saskatchewan,Les deux sexes,9 à 18 ans,292,BME,Inférieur au,30.8,3.5,,,
Vitamine A,Alberta,Les deux sexes,9 à 18 ans,410,BME,Inférieur au,33.0,3.5,,,
Vitamine A,Colombie-Britannique,Les deux sexes,9 à 18 ans,493,BME,Inférieur au,26.3,2.5,,,
Vitamine C,Canada excluant les territoires,Les deux sexes,9 à 18 ans,3848,BME,Inférieur au,11.6,1.3,,,
Vitamine C,Terre-Neuve-et-Labrador,Les deux sexes,9 à 18 ans,273,BME,Inférieur au,10.7,1.8,E,,
Vitamine C,Île-du-Prince-Édouard,Les deux sexes,9 à 18 ans,279,BME,Inférieur au,18.0,2.5,,,
Vitamine C,Nouvelle-Écosse,Les deux sexes,9 à 18 ans,297,BME,Inférieur au,17.2,2.5,,,
Vitamine C,Nouveau-Brunswick,Les deux sexes,9 à 18 ans,279,BME,Inférieur au,16.7,2.2,,,
Vitamine C,Québec,Les deux sexes,9 à 18 ans,534,BME,Inférieur au,7.2,1.3,E,,
Vitamine C,Ontario,Les deux sexes,9 à 18 ans,719,BME,Inférieur au,10.5,1.5,,,
Vitamine C,Manitoba,Les deux sexes,9 à 18 ans,272,BME,Inférieur au,16.8,2.2,,,
Vitamine C,Saskatchewan,Les deux sexes,9 à 18 ans,292,BME,Inférieur au,18.6,2.8,,,
Vitamine C,Alberta,Les deux sexes,9 à 18 ans,410,BME,Inférieur au,16.9,2.3,,,
Vitamine C,Colombie-Britannique,Les deux sexes,9 à 18 ans,493,BME,Inférieur au,12.2,1.6,,,
Vitamine D,Canada excluant les territoires,Les deux sexes,9 à 18 ans,3848,BME,Inférieur au,92.4,1.0,,10,mcg/j
Vitamine D,Terre-Neuve-et-Labrador,Les deux sexes,9 à 18 ans,273,BME,Inférieur au,94.5,1.4,,10,mcg/j
Vitamine D,Île-du-Prince-Édouard,Les deux sexes,9 à 18 ans,279,BME,Inférieur au,89.9,1.8,,10,mcg/j
Vitamine D,Nouvelle-Écosse,Les deux sexes,9 à 18 ans,297,BME,Inférieur au,91.4,1.7,,10,mcg/j
Vitamine D,Nouveau-Brunswick,Les deux sexes,9 à 18 ans,279,BME,Inférieur au,89.7,1.9,,10,mcg/j
Vitamine D,Québec,Les deux sexes,9 à 18 ans,534,BME,Inférieur au,90.8,1.4,,10,mcg/j
Vitamine D,Ontario,Les deux sexes,9 à 18 ans,719,BME,Inférieur au,92.8,1.1,,10,mcg/j
Vitamine D,Manitoba,Les deux sexes,9 à 18 ans,272,BME,Inférieur au,92.4,1.4,,10,mcg/j
Vitamine D,Saskatchewan,Les deux sexes,9 à 18 ans,292,BME,Inférieur au,91.5,1.5,,10,mcg/j
Vitamine D,Alberta,Les deux sexes,9 à 18 ans,410,BME,Inférieur au,94.6,1.5,,10,mcg/j
Vitamine D,Colombie-Britannique,Les deux sexes,9 à 18 ans,493,BME,Inférieur au,92.8,1.2,,10,mcg/j
Zinc,Canada excluant les territoires,Les deux sexes,9 à 18 ans,3848,BME,Inférieur au,16.1,1.5,,,
Zinc,Terre-Neuve-et-Labrador,Les deux sexes,9 à 18 ans,273,BME,Inférieur au,23.6,2.8,,,
Zinc,Île-du-Prince-Édouard,Les deux sexes,9 à 18 ans,279,BME,Inférieur au,20.3,2.6,,,
Zinc,Nouvelle-Écosse,Les deux sexes,9 à 18 ans,297,BME,Inférieur au,24.5,3.6,,,
Zinc,Nouveau-Brunswick,Les deux sexes,9 à 18 ans,279,BME,Inférieur au,21.6,2.7,,,
Zinc,Québec,Les deux sexes,9 à 18 ans,534,BME,Inférieur au,12.2,1.8,,,
Zinc,Ontario,Les deux sexes,9 à 18 ans,719,BME,Inférieur au,16.7,1.9,,,
Zinc,Manitoba,Les deux sexes,9 à 18 ans,272,BME,Inférieur au,18.5,2.6,,,
Zinc,Saskatchewan,Les deux sexes,9 à 18 ans,292,BME,Inférieur au,13.4,2.3,E,,
Zinc,Alberta,Les deux sexes,9 à 18 ans,410,BME,Inférieur au,18.7,2.5,,,
Zinc,Colombie-Britannique,Les deux sexes,9 à 18 ans,493,BME,Inférieur au,15.0,2.0,,,
Fer,Canada excluant les territoires,Les deux sexes,9 à 18 ans,3848,,Insuffisant,5.9,0.5,,,
Fer,Terre-Neuve-et-Labrador,Les deux sexes,9 à 18 ans,273,,Insuffisant,8.8,1.1,,,
Fer,Île-du-Prince-Édouard,Les deux sexes,9 à 18 ans,279,,Insuffisant,8.2,1.1,,,
Fer,Nouvelle-Écosse,Les deux sexes,9 à 18 ans,297,,Insuffisant,10.5,1.5,,,
Fer,Nouveau-Brunswick,Les deux sexes,9 à 18 ans,279,,Insuffisant,6.1,1.0,E,,
Fer,Québec,Les deux sexes,9 à 18 ans,534,,Insuffisant,5.7,0.7,,,
Fer,Ontario,Les deux sexes,9 à 18 ans,719,,Insuffisant,5.3,0.6,,,
Fer,Manitoba,Les deux sexes,9 à 18 ans,272,,Insuffisant,6.2,0.8,,,
Fer,Saskatchewan,Les deux sexes,9 à 18 ans,292,,Insuffisant,6.8,0.9,,,
Fer,Alberta,Les deux sexes,9 à 18 ans,410,,Insuffisant,6.7,1.0,,,
Fer,Colombie-Britannique,Les deux sexes,9 à 18 ans,493,,Insuffisant,5.9,0.7,,,
