Nutrient/Item (unit),Reg_Prov,Sex,Age (years),n,Mean,SE_Mean,P5,P5_SE,P10,P10_SE,P25,P25_SE,P50,P50_SE,P75,P75_SE,P90,P90_SE,P95,P95_SE
Calcium (mg/d),Canada excluding territories,Both,1-3 years,1288,962,24,468,23,554,22,716,22,927,23,1169,29,1418,38,1583,45
Calcium (mg/d),Canada excluding territories,Both,4-8 years,1199,913,18,532,26,603,23,730,19,891,17,1073,25,1252,39,1364,50
Calcium (mg/d),Canada excluding territories,Male,9-13 years,1023,1020,24,517,34,601,32,763,28,974,25,1229,29,1496,44,1673,57
Calcium (mg/d),Canada excluding territories,Female,9-13 years,939,915,24,495,28,566,26,703,24,882,23,1089,30,1303,43,1453,52
Calcium (mg/d),Canada excluding territories,Male,14-18 years,900,1158,34,585,42,681,40,866,35,1103,33,1395,45,1702,71,1917,93
Calcium (mg/d),Canada excluding territories,Female,14-18 years,986,865,26,373,24,451,24,606,24,814,26,1067,32,1343,45,1533,58
Calcium (mg/d),Canada excluding territories,Male,19-30 years,857,1035,51,480,49,566,47,738,43,976,46,1265,69,1578,109,1805,140
Calcium (mg/d),Canada excluding territories,Female,19-30 years,872,784,25,364,25,428,25,557,25,738,25,960,32,1193,47,1359,60
Calcium (mg/d),Canada excluding territories,Male,31-50 years,2005,866,21,380,21,453,21,598,20,805,20,1065,26,1355,40,1565,52
Calcium (mg/d),Canada excluding territories,Female,31-50 years,2207,723,17,423,39,473,35,571,27,698,18,846,22,1003,40,1110,56
Calcium (mg/d),Canada excluding territories,Male,51-70 years,2151,810,19,369,21,439,20,575,19,762,18,992,25,1240,39,1414,51
Calcium (mg/d),Canada excluding territories,Female,51-70 years,2314,694,12,341,15,398,15,509,13,659,12,839,16,1032,24,1162,31
Calcium (mg/d),Canada excluding territories,Male,71 years and over,1180,742,18,331,16,395,15,522,14,695,16,910,25,1148,42,1310,56
Calcium (mg/d),Canada excluding territories,Female,71 years and over,1448,642,16,329,21,380,20,479,18,615,16,773,20,942,30,1055,40
Calcium (mg/d),Canada excluding territories,Male,19 years and over,6193,864,14,374,13,447,13,595,12,804,12,1066,18,1357,29,1558,39
Calcium (mg/d),Canada excluding territories,Female,19 years and over,6841,713,9,365,13,421,13,530,11,679,9,858,11,1050,18,1178,25
Cholesterol (mg/d),Canada excluding territories,Both,1-3 years,1288,169,6,72,8,87,7,118,6,159,6,209,8,263,12,299,16
Cholesterol (mg/d),Canada excluding territories,Both,4-8 years,1199,189,5,108,14,122,13,148,9,182,6,222,8,265,15,291,20
Cholesterol (mg/d),Canada excluding territories,Male,9-13 years,1023,250,7,145,16,163,15,197,11,241,8,293,11,347,18,383,25
Cholesterol (mg/d),Canada excluding territories,Female,9-13 years,939,206,6,121,9,136,8,164,7,200,6,241,9,283,14,312,18
Cholesterol (mg/d),Canada excluding territories,Male,14-18 years,900,329,12,150,12,179,12,235,12,309,12,403,15,504,22,576,29
Cholesterol (mg/d),Canada excluding territories,Female,14-18 years,986,222,8,112,10,130,10,166,8,213,8,267,12,327,19,365,25
Cholesterol (mg/d),Canada excluding territories,Male,19-30 years,857,374,20,166,22,198,21,263,18,354,18,459,29,578,45,655,58
Cholesterol (mg/d),Canada excluding territories,Female,19-30 years,872,237,12,133,17,150,16,184,13,229,12,281,15,334,22,371,29
Cholesterol (mg/d),Canada excluding territories,Male,31-50 years,2005,323,12,145,16,173,15,228,13,304,11,397,17,496,30,568,40
Cholesterol (mg/d),Canada excluding territories,Female,31-50 years,2207,237,9,98,12,120,12,162,10,222,9,295,12,374,20,428,27
Cholesterol (mg/d),Canada excluding territories,Male,51-70 years,2151,308,9,151,14,177,13,228,11,294,9,373,13,456,21,512,28
Cholesterol (mg/d),Canada excluding territories,Female,51-70 years,2314,211,5,104,8,122,8,155,6,201,5,255,7,312,12,350,16
Cholesterol (mg/d),Canada excluding territories,Male,71 years and over,1180,261,8,150,19,170,17,206,12,253,8,307,12,363,22,401,30
Cholesterol (mg/d),Canada excluding territories,Female,71 years and over,1448,204,6,94,8,112,7,147,6,194,6,250,7,308,11,346,15
Cholesterol (mg/d),Canada excluding territories,Male,19 years and over,6193,320,7,147,9,175,8,229,7,303,6,392,9,487,16,550,21
Cholesterol (mg/d),Canada excluding territories,Female,19 years and over,6841,224,4,103,6,122,5,160,5,212,4,275,6,342,10,387,12
Folate (DFE/d),Canada excluding territories,Both,1-3 years,1288,281,8,144,12,169,11,215,10,274,8,337,10,403,13,444,17
Folate (DFE/d),Canada excluding territories,Both,4-8 years,1199,400,9,315,35,332,29,361,21,397,10,436,17,473,33,496,45
Folate (DFE/d),Canada excluding territories,Male,9-13 years,1023,476,12,293,24,326,22,387,17,463,13,552,14,642,24,700,33
Folate (DFE/d),Canada excluding territories,Female,9-13 years,939,439,10,325,27,347,22,386,15,435,11,487,15,538,25,571,35
Folate (DFE/d),Canada excluding territories,Male,14-18 years,900,581,16,365,34,405,29,478,22,567,16,669,23,772,39,842,52
Folate (DFE/d),Canada excluding territories,Female,14-18 years,986,412,12,218,14,252,13,317,11,399,11,491,15,589,23,650,29
Folate (DFE/d),Canada excluding territories,Male,19-30 years,857,551,20,364,43,399,37,463,26,542,20,627,30,715,50,770,65
Folate (DFE/d),Canada excluding territories,Female,19-30 years,872,408,13,232,16,261,15,319,13,394,13,482,18,571,27,630,35
Folate (DFE/d),Canada excluding territories,Male,31-50 years,2005,518,11,280,18,320,17,397,14,499,11,617,15,741,25,825,33
Folate (DFE/d),Canada excluding territories,Female,31-50 years,2207,408,10,251,20,279,18,331,13,397,10,473,15,551,25,602,34
Folate (DFE/d),Canada excluding territories,Male,51-70 years,2151,469,10,286,17,320,15,382,12,459,10,545,13,632,20,689,26
Folate (DFE/d),Canada excluding territories,Female,51-70 years,2314,359,6,201,11,228,10,280,8,348,6,425,8,504,13,557,18
Folate (DFE/d),Canada excluding territories,Male,71 years and over,1180,414,9,246,11,276,10,333,9,404,8,484,11,566,18,619,23
Folate (DFE/d),Canada excluding territories,Female,71 years and over,1448,332,6,194,8,218,8,264,7,323,6,390,8,458,12,501,15
Folate (DFE/d),Canada excluding territories,Male,19 years and over,6193,497,6,283,10,321,9,391,7,482,6,585,9,692,14,761,18
Folate (DFE/d),Canada excluding territories,Female,19 years and over,6841,381,5,217,8,245,7,298,6,369,5,450,6,535,10,590,14
Iron (mg/d),Canada excluding territories,Both,1-3 years,1288,8.3,0.2,4.9,0.3,5.5,0.3,6.6,0.2,8.1,0.2,9.7,0.2,11.4,0.4,12.5,0.4
Iron (mg/d),Canada excluding territories,Both,4-8 years,1199,11.4,0.2,8.6,0.9,9.2,0.7,10.1,0.5,11.3,0.2,12.6,0.4,13.8,0.8,14.5,1.1
Iron (mg/d),Canada excluding territories,Male,9-13 years,1023,13.9,0.3,8.7,0.7,9.7,0.7,11.4,0.5,13.5,0.3,16.1,0.3,18.6,0.6,20.3,0.8
Iron (mg/d),Canada excluding territories,Female,9-13 years,939,12,0.2,7.7,0.4,8.5,0.3,9.9,0.3,11.7,0.3,13.7,0.3,15.8,0.4,17.3,0.6
Iron (mg/d),Canada excluding territories,Male,14-18 years,900,16.3,0.4,9.4,0.5,10.6,0.5,12.9,0.4,15.7,0.4,19.2,0.5,22.8,0.7,25.3,1
Iron (mg/d),Canada excluding territories,Female,14-18 years,986,11.6,0.3,6.5,0.3,7.4,0.3,9.1,0.3,11.2,0.3,13.7,0.4,16.3,0.5,18,0.7
Iron (mg/d),Canada excluding territories,Male,19-30 years,857,14.9,0.5,9.9,1.2,10.9,1,12.6,0.7,14.7,0.5,17,0.7,19.3,1.3,20.8,1.7
Iron (mg/d),Canada excluding territories,Female,19-30 years,872,10.6,0.3,6.5,0.4,7.2,0.3,8.5,0.3,10.3,0.3,12.3,0.4,14.3,0.5,15.6,0.6
Iron (mg/d),Canada excluding territories,Male,31-50 years,2005,14.6,0.3,7.9,0.3,9,0.3,11.2,0.3,14.1,0.3,17.4,0.3,21,0.5,23.4,0.7
Iron (mg/d),Canada excluding territories,Female,31-50 years,2135,11,0.2,7.5,0.6,8.1,0.5,9.3,0.4,10.8,0.2,12.5,0.3,14.2,0.6,15.3,0.9
Iron (mg/d),Canada excluding territories,Male,51-70 years,2151,13.6,0.2,8,0.4,9,0.3,10.9,0.3,13.2,0.3,15.9,0.3,18.6,0.5,20.4,0.6
Iron (mg/d),Canada excluding territories,Female,51-70 years,2314,10.7,0.2,6.4,0.3,7.2,0.3,8.6,0.2,10.4,0.2,12.4,0.2,14.5,0.3,15.9,0.4
Iron (mg/d),Canada excluding territories,Male,71 years and over,1180,12.3,0.2,7.6,0.3,8.4,0.3,10,0.2,12,0.2,14.2,0.3,16.5,0.4,18,0.5
Iron (mg/d),Canada excluding territories,Female,71 years and over,1448,9.9,0.2,5.7,0.2,6.5,0.2,7.8,0.2,9.6,0.2,11.6,0.2,13.7,0.3,15.1,0.4
Iron (mg/d),Canada excluding territories,Male,19 years and over,6193,14.1,0.2,8.1,0.2,9.2,0.2,11.2,0.2,13.7,0.2,16.5,0.2,19.5,0.4,21.5,0.5
Iron (mg/d),Canada excluding territories,Female,19 years and over,6769,10.7,0.1,6.6,0.2,7.4,0.2,8.8,0.2,10.5,0.1,12.4,0.2,14.3,0.3,15.5,0.4
Magnesium (mg/d),Canada excluding territories,Both,1-3 years,1288,203,4,122,5,137,5,165,4,198,4,236,4,274,6,297,8
Magnesium (mg/d),Canada excluding territories,Both,4-8 years,1199,239,4,163,6,178,5,203,4,236,4,271,5,306,7,328,9
Magnesium (mg/d),Canada excluding territories,Male,9-13 years,1023,275,5,167,7,186,6,222,5,267,5,320,6,375,8,411,11
Magnesium (mg/d),Canada excluding territories,Female,9-13 years,939,246,4,155,6,172,6,203,5,242,4,283,6,324,8,352,10
Magnesium (mg/d),Canada excluding territories,Male,14-18 years,900,347,9,185,9,212,8,264,8,331,8,412,11,500,18,562,24
Magnesium (mg/d),Canada excluding territories,Female,14-18 years,986,261,6,154,7,173,6,209,6,254,6,305,7,358,10,391,12
Magnesium (mg/d),Canada excluding territories,Male,19-30 years,857,352,11,191,12,219,12,271,10,340,10,417,15,502,23,558,29
Magnesium (mg/d),Canada excluding territories,Female,19-30 years,872,264,8,150,7,169,7,206,7,255,7,312,10,372,15,412,19
Magnesium (mg/d),Canada excluding territories,Male,31-50 years,2005,351,6,208,9,233,9,279,7,340,7,410,8,482,13,531,17
Magnesium (mg/d),Canada excluding territories,Female,31-50 years,2207,282,5,173,8,192,7,228,6,274,5,327,6,383,10,421,13
Magnesium (mg/d),Canada excluding territories,Male,51-70 years,2151,341,6,190,9,217,8,266,7,330,7,404,8,480,12,531,15
Magnesium (mg/d),Canada excluding territories,Female,51-70 years,2314,281,4,160,6,181,5,221,5,272,4,332,6,393,8,432,11
Magnesium (mg/d),Canada excluding territories,Male,71 years and over,1180,293,5,158,6,182,5,225,4,282,5,349,6,419,9,466,11
Magnesium (mg/d),Canada excluding territories,Female,71 years and over,1448,245,5,134,5,153,5,189,5,237,5,292,6,348,8,385,10
Magnesium (mg/d),Canada excluding territories,Male,19 years and over,6193,341,4,190,5,216,4,265,4,329,4,404,5,483,7,534,9
Magnesium (mg/d),Canada excluding territories,Female,19 years and over,6841,274,3,157,3,177,3,215,3,265,3,323,4,384,5,424,7
Niacin (NE/d),Canada excluding territories,Both,1-3 years,1288,23.2,0.5,15.2,0.8,16.7,0.8,19.5,0.6,22.9,0.5,26.5,0.6,30.2,0.9,32.6,1.1
Niacin (NE/d),Canada excluding territories,Both,4-8 years,1199,29.6,0.6,21.5,2.7,23.1,2.3,25.8,1.4,29.2,0.6,33,1.2,36.7,2.4,39,3.3
Niacin (NE/d),Canada excluding territories,Male,9-13 years,1023,37.3,0.7,25.3,1.5,27.6,1.3,31.6,1,36.6,0.8,42.3,0.9,48,1.4,51.8,1.9
Niacin (NE/d),Canada excluding territories,Female,9-13 years,939,31.5,0.7,21.6,1.2,23.5,1,26.8,0.8,31,0.7,35.6,0.9,40.1,1.4,43.2,1.8
Niacin (NE/d),Canada excluding territories,Male,14-18 years,900,49.3,1.3,28.1,1.5,31.8,1.4,38.8,1.3,47.6,1.2,58.1,1.8,69.1,2.8,76.7,3.6
Niacin (NE/d),Canada excluding territories,Female,14-18 years,986,33.8,0.8,20.9,1,23.2,0.9,27.6,0.8,33.1,0.8,39.2,1.1,45.3,1.7,49.3,2.1
Niacin (NE/d),Canada excluding territories,Male,19-30 years,857,52.7,2,32.9,4.1,36.6,3.6,43.2,2.6,51.7,1.9,60.8,2.9,70.4,4.9,76.5,6.5
Niacin (NE/d),Canada excluding territories,Female,19-30 years,872,34.1,1.2,20.1,1.2,22.5,1.2,27.3,1.1,33.2,1.1,39.9,1.4,46.7,1.9,51.2,2.3
Niacin (NE/d),Canada excluding territories,Male,31-50 years,2005,47.3,1,30.1,2,33.3,1.8,39,1.4,46.3,1,54.5,1.2,62.7,2,68.4,2.7
Niacin (NE/d),Canada excluding territories,Female,31-50 years,2207,34.2,0.7,22.9,2.7,24.9,2.3,28.8,1.5,33.5,0.7,38.8,1.4,44.1,2.5,47.6,3.6
Niacin (NE/d),Canada excluding territories,Male,51-70 years,2151,43.6,0.8,26.4,1.5,29.6,1.3,35.3,1,42.6,0.8,50.8,1,58.9,1.7,64.4,2.2
Niacin (NE/d),Canada excluding territories,Female,51-70 years,2314,32.3,0.5,21.2,1.1,23.2,0.9,27,0.7,31.7,0.5,37,0.7,42.1,1.2,45.5,1.6
Niacin (NE/d),Canada excluding territories,Male,71 years and over,1180,35.1,0.6,22.2,1.1,24.7,1,29,0.7,34.3,0.6,40.4,0.8,46.5,1.3,50.4,1.6
Niacin (NE/d),Canada excluding territories,Female,71 years and over,1448,28,0.5,17.4,0.8,19.3,0.7,22.9,0.6,27.4,0.5,32.4,0.7,37.4,1,40.6,1.3
Niacin (NE/d),Canada excluding territories,Male,19 years and over,6193,45.7,0.6,27.1,1,30.5,0.9,36.6,0.7,44.5,0.6,53.3,0.7,62.4,1.2,68.3,1.5
Niacin (NE/d),Canada excluding territories,Female,19 years and over,6841,32.7,0.4,20.6,0.7,22.8,0.6,26.9,0.5,32,0.4,37.7,0.5,43.5,0.9,47.2,1.1
Percentage of total energy intake from carbohydrates,Canada excluding territories,Both,1-3 years,1288,52.3,0.4,43.6,1,45.6,0.8,48.7,0.6,52.3,0.4,55.8,0.5,58.9,0.7,60.8,0.9
Percentage of total energy intake from carbohydrates,Canada excluding territories,Both,4-8 years,1199,55,0.4,47.8,0.7,49.4,0.6,52.1,0.5,55,0.4,58,0.4,60.6,0.5,62.2,0.6
Percentage of total energy intake from carbohydrates,Canada excluding territories,Male,9-13 years,1023,53.5,0.4,46.5,0.7,48,0.6,50.6,0.5,53.5,0.4,56.4,0.4,59,0.6,60.6,0.7
Percentage of total energy intake from carbohydrates,Canada excluding territories,Female,9-13 years,939,54.8,0.5,49.5,1.4,50.6,1.2,52.6,0.7,54.8,0.5,57,0.7,59,1.1,60.2,1.3
Percentage of total energy intake from carbohydrates,Canada excluding territories,Male,14-18 years,900,51.3,0.5,43.5,1,45.2,0.8,48.1,0.6,51.3,0.5,54.4,0.6,57.3,0.9,59.1,1.1
Percentage of total energy intake from carbohydrates,Canada excluding territories,Female,14-18 years,986,51.8,0.6,44.7,1.4,46.2,1.2,48.9,0.8,51.8,0.6,54.7,0.7,57.3,1.1,58.9,1.3
Percentage of total energy intake from carbohydrates,Canada excluding territories,Male,19-30 years,857,46.5,0.7,35.5,1.1,37.9,1,41.9,0.8,46.6,0.7,50.9,0.8,55.1,1,57.5,1.1
Percentage of total energy intake from carbohydrates,Canada excluding territories,Female,19-30 years,872,48.6,0.7,42.3,3.1,43.7,2.5,46,1.6,48.6,0.8,51.1,1.2,53.4,2.2,54.8,2.7
Percentage of total energy intake from carbohydrates,Canada excluding territories,Male,31-50 years,2005,46.9,0.5,34.6,1.2,37.5,1,42,0.7,47.1,0.5,52,0.6,56.3,0.9,58.8,1.1
Percentage of total energy intake from carbohydrates,Canada excluding territories,Female,31-50 years,2207,47.7,0.5,37.3,1.1,39.7,0.9,43.5,0.6,47.7,0.5,52,0.6,55.8,0.9,58.1,1.1
Percentage of total energy intake from carbohydrates,Canada excluding territories,Male,51-70 years,2151,46.5,0.4,35.2,0.8,37.8,0.7,41.8,0.5,46.5,0.4,51.1,0.5,55.3,0.7,57.8,0.9
Percentage of total energy intake from carbohydrates,Canada excluding territories,Female,51-70 years,2314,48.1,0.4,36.7,0.8,39.3,0.7,43.4,0.5,48.1,0.4,52.8,0.5,57,0.7,59.6,0.8
Percentage of total energy intake from carbohydrates,Canada excluding territories,Male,71 years and over,1180,49,0.5,37.3,1.1,40,0.8,44.4,0.6,49.1,0.5,53.6,0.6,57.7,0.8,60.2,0.9
Percentage of total energy intake from carbohydrates,Canada excluding territories,Female,71 years and over,1448,50.5,0.4,41.2,0.8,43.3,0.7,46.7,0.5,50.6,0.4,54.3,0.5,57.8,0.7,59.8,0.9
Percentage of total energy intake from carbohydrates,Canada excluding territories,Male,19 years and over,6193,46.9,0.3,35.3,0.6,37.8,0.5,42.1,0.3,46.9,0.3,51.7,0.3,56,0.4,58.5,0.5
Percentage of total energy intake from carbohydrates,Canada excluding territories,Female,19 years and over,6841,48.4,0.3,38.3,0.7,40.5,0.5,44.2,0.4,48.3,0.3,52.5,0.3,56.3,0.5,58.5,0.6
Percentage of total energy intake from fat,Canada excluding territories,Both,1-3 years,1288,31.6,0.4,24,0.7,25.7,0.6,28.5,0.4,31.7,0.4,34.7,0.4,37.5,0.5,39.2,0.6
Percentage of total energy intake from fat,Canada excluding territories,Both,4-8 years,1199,29.8,0.3,25.1,0.6,26.1,0.5,27.8,0.4,29.7,0.3,31.7,0.4,33.5,0.6,34.6,0.7
Percentage of total energy intake from fat,Canada excluding territories,Male,9-13 years,1023,31,0.3,25.2,0.6,26.5,0.5,28.6,0.4,30.9,0.3,33.4,0.4,35.6,0.6,37,0.7
Percentage of total energy intake from fat,Canada excluding territories,Female,9-13 years,939,30.6,0.4,25.7,0.9,26.8,0.8,28.6,0.5,30.6,0.4,32.6,0.6,34.5,0.8,35.6,1
Percentage of total energy intake from fat,Canada excluding territories,Male,14-18 years,900,32.1,0.4,26.2,0.9,27.6,0.7,29.8,0.5,32.1,0.4,34.5,0.6,36.7,0.8,38,0.9
Percentage of total energy intake from fat,Canada excluding territories,Female,14-18 years,986,32.3,0.4,26.2,1,27.5,0.8,29.8,0.6,32.3,0.4,34.8,0.5,37,0.7,38.4,0.8
Percentage of total energy intake from fat,Canada excluding territories,Male,19-30 years,857,32.7,0.7,24.1,1.2,26,1,29.2,0.8,32.7,0.7,36.2,0.8,39.4,1,41.3,1.2
Percentage of total energy intake from fat,Canada excluding territories,Female,19-30 years,872,32.1,0.5,26.4,1.6,27.6,1.3,29.7,0.8,32,0.5,34.4,0.9,36.6,1.4,37.8,1.7
Percentage of total energy intake from fat,Canada excluding territories,Male,31-50 years,2005,32.4,0.4,24.1,1,25.9,0.8,28.9,0.6,32.3,0.4,35.8,0.5,39.1,0.8,41.1,1
Percentage of total energy intake from fat,Canada excluding territories,Female,31-50 years,2207,33,0.4,24.9,1,26.7,0.8,29.6,0.5,33,0.4,36.3,0.7,39.4,1.1,41.2,1.3
Percentage of total energy intake from fat,Canada excluding territories,Male,51-70 years,2151,32.1,0.4,23.6,0.8,25.5,0.6,28.5,0.5,32.1,0.4,35.6,0.5,38.9,0.7,41,0.8
Percentage of total energy intake from fat,Canada excluding territories,Female,51-70 years,2314,31.6,0.3,23.3,0.7,25,0.6,28.1,0.4,31.6,0.3,35,0.4,38.2,0.6,40.2,0.7
Percentage of total energy intake from fat,Canada excluding territories,Male,71 years and over,1180,31.5,0.4,23,0.8,24.8,0.7,27.9,0.5,31.4,0.4,35,0.5,38.3,0.7,40.3,0.9
Percentage of total energy intake from fat,Canada excluding territories,Female,71 years and over,1448,31.3,0.3,24.2,0.7,25.8,0.6,28.4,0.4,31.3,0.3,34.3,0.5,37,0.6,38.5,0.8
Percentage of total energy intake from fat,Canada excluding territories,Male,19 years and over,6193,32.3,0.2,23.7,0.5,25.6,0.4,28.7,0.3,32.2,0.2,35.7,0.3,39,0.4,40.9,0.5
Percentage of total energy intake from fat,Canada excluding territories,Female,19 years and over,6841,32.2,0.2,24.4,0.4,26.1,0.4,28.9,0.2,32.1,0.2,35.4,0.3,38.4,0.5,40.2,0.6
Percentage of total energy intake from linoleic acid,Canada excluding territories,Both,1-3 years,1288,4.4,0.1,2.8,0.1,3.1,0.1,3.7,0.1,4.3,0.1,5,0.1,5.7,0.2,6.2,0.2
Percentage of total energy intake from linoleic acid,Canada excluding territories,Both,4-8 years,1199,4.9,0.1,3.8,0.2,4,0.2,4.4,0.1,4.8,0.1,5.3,0.1,5.8,0.2,6.1,0.3
Percentage of total energy intake from linoleic acid,Canada excluding territories,Male,9-13 years,1023,5.1,0.1,3.9,0.2,4.1,0.2,4.5,0.1,5.1,0.1,5.6,0.1,6.2,0.3,6.5,0.3
Percentage of total energy intake from linoleic acid,Canada excluding territories,Female,9-13 years,939,5.1,0.1,3.9,0.2,4.2,0.2,4.6,0.1,5.1,0.1,5.6,0.2,6.1,0.3,6.5,0.3
Percentage of total energy intake from linoleic acid,Canada excluding territories,Male,14-18 years,900,5.6,0.1,4.2,0.3,4.5,0.3,5,0.2,5.5,0.1,6.1,0.2,6.7,0.3,7.1,0.4
Percentage of total energy intake from linoleic acid,Canada excluding territories,Female,14-18 years,986,5.5,0.1,4.4,0.4,4.6,0.3,5,0.2,5.5,0.1,5.9,0.2,6.4,0.3,6.7,0.4
Percentage of total energy intake from linoleic acid,Canada excluding territories,Male,19-30 years,857,5.7,0.2,3.4,0.3,3.8,0.3,4.6,0.3,5.5,0.2,6.6,0.2,7.8,0.3,8.5,0.4
Percentage of total energy intake from linoleic acid,Canada excluding territories,Female,19-30 years,872,5.7,0.2,4,0.4,4.3,0.3,4.9,0.2,5.6,0.2,6.4,0.2,7.2,0.4,7.8,0.5
Percentage of total energy intake from linoleic acid,Canada excluding territories,Male,31-50 years,2005,5.9,0.1,4.1,0.3,4.5,0.3,5,0.2,5.8,0.1,6.6,0.2,7.4,0.4,7.9,0.5
Percentage of total energy intake from linoleic acid,Canada excluding territories,Female,31-50 years,2207,6.1,0.2,4.1,0.3,4.4,0.2,5.1,0.2,6,0.1,6.9,0.3,7.9,0.5,8.6,0.6
Percentage of total energy intake from linoleic acid,Canada excluding territories,Male,51-70 years,2151,5.9,0.1,3.7,0.2,4.1,0.2,4.8,0.1,5.8,0.1,6.8,0.2,7.9,0.3,8.7,0.3
Percentage of total energy intake from linoleic acid,Canada excluding territories,Female,51-70 years,2314,5.8,0.1,4.1,0.2,4.4,0.2,5,0.1,5.7,0.1,6.5,0.2,7.2,0.3,7.7,0.4
Percentage of total energy intake from linoleic acid,Canada excluding territories,Male,71 years and over,1180,5.5,0.1,3.7,0.2,4,0.2,4.6,0.1,5.4,0.1,6.3,0.1,7.2,0.2,7.7,0.3
Percentage of total energy intake from linoleic acid,Canada excluding territories,Female,71 years and over,1448,5.5,0.1,4.1,0.3,4.3,0.3,4.8,0.2,5.5,0.1,6.1,0.2,6.8,0.3,7.2,0.4
Percentage of total energy intake from linoleic acid,Canada excluding territories,Male,19 years and over,6193,5.8,0.1,3.7,0.1,4.1,0.1,4.8,0.1,5.7,0.1,6.7,0.1,7.7,0.2,8.3,0.2
Percentage of total energy intake from linoleic acid,Canada excluding territories,Female,19 years and over,6841,5.8,0.1,4,0.1,4.4,0.1,5,0.1,5.7,0.1,6.6,0.1,7.5,0.2,8,0.3
Percentage of total energy intake from linolenic acid,Canada excluding territories,Both,1-3 years,1288,0.66,0.02,0.43,0.02,0.47,0.02,0.55,0.02,0.65,0.01,0.76,0.02,0.88,0.03,0.95,0.04
Percentage of total energy intake from linolenic acid,Canada excluding territories,Both,4-8 years,1199,0.64,0.01,0.48,0.04,0.51,0.03,0.56,0.02,0.63,0.01,0.71,0.02,0.79,0.04,0.84,0.05
Percentage of total energy intake from linolenic acid,Canada excluding territories,Male,9-13 years,1023,0.64,0.01,0.4,0.02,0.44,0.02,0.52,0.02,0.62,0.01,0.74,0.02,0.87,0.04,0.96,0.05
Percentage of total energy intake from linolenic acid,Canada excluding territories,Female,9-13 years,939,0.68,0.02,0.52,0.04,0.55,0.04,0.6,0.03,0.67,0.02,0.74,0.03,0.81,0.05,0.86,0.06
Percentage of total energy intake from linolenic acid,Canada excluding territories,Male,14-18 years,900,0.67,0.02,0.49,0.05,0.53,0.04,0.59,0.03,0.66,0.02,0.74,0.03,0.83,0.05,0.89,0.07
Percentage of total energy intake from linolenic acid,Canada excluding territories,Female,14-18 years,986,0.7,0.02,0.49,0.05,0.53,0.04,0.6,0.03,0.69,0.02,0.79,0.03,0.9,0.05,0.96,0.06
Percentage of total energy intake from linolenic acid,Canada excluding territories,Male,19-30 years,857,0.72,0.03,0.44,0.09E,0.49,0.08,0.58,0.06,0.7,0.04,0.84,0.03,0.98,0.07,1.08,0.11
Percentage of total energy intake from linolenic acid,Canada excluding territories,Female,19-30 years,872,0.76,0.02,0.49,0.05,0.54,0.04,0.63,0.03,0.74,0.02,0.88,0.03,1.02,0.06,1.11,0.08
Percentage of total energy intake from linolenic acid,Canada excluding territories,Male,31-50 years,2005,0.7,0.02,0.42,0.03,0.47,0.03,0.56,0.02,0.68,0.02,0.82,0.02,0.96,0.04,1.06,0.06
Percentage of total energy intake from linolenic acid,Canada excluding territories,Female,31-50 years,2207,0.77,0.02,0.51,0.04,0.55,0.04,0.64,0.03,0.75,0.02,0.88,0.03,1.02,0.05,1.11,0.07
Percentage of total energy intake from linolenic acid,Canada excluding territories,Male,51-70 years,2151,0.79,0.02,0.48,0.04,0.53,0.03,0.64,0.03,0.77,0.02,0.92,0.02,1.08,0.04,1.19,0.06
Percentage of total energy intake from linolenic acid,Canada excluding territories,Female,51-70 years,2314,0.82,0.02,0.51,0.04,0.56,0.04,0.66,0.03,0.8,0.02,0.95,0.03,1.12,0.06,1.24,0.09
Percentage of total energy intake from linolenic acid,Canada excluding territories,Male,71 years and over,1180,0.78,0.02,0.5,0.03,0.55,0.02,0.64,0.02,0.75,0.02,0.89,0.02,1.04,0.04,1.13,0.05
Percentage of total energy intake from linolenic acid,Canada excluding territories,Female,71 years and over,1448,0.83,0.02,0.55,0.04,0.6,0.04,0.69,0.03,0.81,0.02,0.94,0.03,1.08,0.05,1.17,0.07
Percentage of total energy intake from linolenic acid,Canada excluding territories,Male,19 years and over,6193,0.74,0.01,0.45,0.02,0.5,0.02,0.59,0.01,0.72,0.01,0.86,0.01,1.02,0.03,1.12,0.03
Percentage of total energy intake from linolenic acid,Canada excluding territories,Female,19 years and over,6841,0.8,0.01,0.51,0.02,0.56,0.02,0.65,0.01,0.77,0.01,0.92,0.02,1.06,0.03,1.16,0.04
Percentage of total energy intake from protein,Canada excluding territories,Both,1-3 years,1288,16.1,0.2,12.9,0.6,13.5,0.5,14.7,0.3,16,0.2,17.4,0.3,18.6,0.5,19.4,0.7
Percentage of total energy intake from protein,Canada excluding territories,Both,4-8 years,1199,15.2,0.2,12.1,0.4,12.7,0.3,13.8,0.2,15.1,0.2,16.5,0.3,17.9,0.5,18.7,0.6
Percentage of total energy intake from protein,Canada excluding territories,Male,9-13 years,1023,15.6,0.2,12.5,0.5,13.1,0.4,14.2,0.3,15.4,0.2,16.8,0.3,18.2,0.5,19,0.6
Percentage of total energy intake from protein,Canada excluding territories,Female,9-13 years,939,14.6,0.2,12.2,0.5,12.7,0.4,13.5,0.3,14.5,0.2,15.6,0.3,16.5,0.5,17.1,0.6
Percentage of total energy intake from protein,Canada excluding territories,Male,14-18 years,900,16.4,0.3,11.9,0.4,12.7,0.4,14.3,0.3,16.1,0.3,18.2,0.4,20.4,0.7,21.8,0.9
Percentage of total energy intake from protein,Canada excluding territories,Female,14-18 years,986,15.9,0.3,11.7,0.4,12.5,0.4,14,0.3,15.8,0.3,17.7,0.4,19.6,0.6,20.8,0.8
Percentage of total energy intake from protein,Canada excluding territories,Male,19-30 years,857,18.1,0.3,14.7,1.1,15.4,0.9,16.6,0.6,18,0.4,19.6,0.5,21,1,21.9,1.3
Percentage of total energy intake from protein,Canada excluding territories,Female,19-30 years,872,16.8,0.4,12,0.5,12.9,0.5,14.6,0.4,16.7,0.4,18.9,0.5,21.1,0.6,22.4,0.8
Percentage of total energy intake from protein,Canada excluding territories,Male,31-50 years,2005,17.4,0.2,12.9,0.5,13.8,0.5,15.3,0.3,17.2,0.2,19.3,0.4,21.4,0.6,22.7,0.8
Percentage of total energy intake from protein,Canada excluding territories,Female,31-50 years,2207,17.2,0.2,12.8,0.5,13.7,0.4,15.2,0.3,17,0.2,19,0.3,21,0.5,22.3,0.6
Percentage of total energy intake from protein,Canada excluding territories,Male,51-70 years,2151,17.1,0.2,12.6,0.4,13.5,0.3,15,0.2,16.9,0.2,18.9,0.3,20.9,0.5,22.1,0.6
Percentage of total energy intake from protein,Canada excluding territories,Female,51-70 years,2314,16.9,0.2,12.4,0.4,13.3,0.3,14.8,0.3,16.7,0.2,18.8,0.3,20.9,0.5,22.3,0.6
Percentage of total energy intake from protein,Canada excluding territories,Male,71 years and over,1180,16,0.2,12.7,0.5,13.3,0.4,14.5,0.3,15.9,0.2,17.4,0.2,18.9,0.4,19.8,0.6
Percentage of total energy intake from protein,Canada excluding territories,Female,71 years and over,1448,16.2,0.2,12.5,0.7,13.2,0.6,14.5,0.4,16,0.2,17.7,0.4,19.3,0.6,20.2,0.7
Percentage of total energy intake from protein,Canada excluding territories,Male,19 years and over,6193,17.3,0.1,13,0.3,13.8,0.3,15.3,0.2,17.1,0.1,19,0.2,20.9,0.3,22.1,0.4
Percentage of total energy intake from protein,Canada excluding territories,Female,19 years and over,6841,16.9,0.1,12.4,0.2,13.3,0.2,14.8,0.2,16.7,0.1,18.8,0.2,20.9,0.3,22.2,0.3
Percentage of total energy intake from saturated fats,Canada excluding territories,Both,1-3 years,1288,12.6,0.2,7.5,0.3,8.5,0.3,10.3,0.2,12.4,0.2,14.7,0.2,16.7,0.3,18,0.4
Percentage of total energy intake from saturated fats,Canada excluding territories,Both,4-8 years,1199,10.8,0.1,8.3,0.3,8.8,0.2,9.7,0.2,10.7,0.1,11.8,0.2,12.8,0.3,13.5,0.4
Percentage of total energy intake from saturated fats,Canada excluding territories,Male,9-13 years,1023,11,0.2,8,0.3,8.6,0.2,9.6,0.2,10.9,0.2,12.3,0.2,13.6,0.3,14.4,0.4
Percentage of total energy intake from saturated fats,Canada excluding territories,Female,9-13 years,939,10.9,0.2,8.3,0.4,8.8,0.3,9.7,0.2,10.8,0.2,12,0.2,13.1,0.4,13.8,0.5
Percentage of total energy intake from saturated fats,Canada excluding territories,Male,14-18 years,900,10.9,0.2,8.6,0.4,9.1,0.4,9.9,0.3,10.8,0.2,11.8,0.2,12.7,0.4,13.3,0.5
Percentage of total energy intake from saturated fats,Canada excluding territories,Female,14-18 years,986,11.3,0.2,7.9,0.3,8.6,0.3,9.8,0.2,11.2,0.2,12.7,0.3,14.2,0.4,15.1,0.5
Percentage of total energy intake from saturated fats,Canada excluding territories,Male,19-30 years,857,10.8,0.3,7.2,0.4,7.9,0.4,9.2,0.3,10.7,0.3,12.4,0.4,13.9,0.6,14.9,0.8
Percentage of total energy intake from saturated fats,Canada excluding territories,Female,19-30 years,872,10.7,0.2,8.3,0.6,8.7,0.5,9.6,0.3,10.6,0.2,11.7,0.4,12.7,0.6,13.3,0.7
Percentage of total energy intake from saturated fats,Canada excluding territories,Male,31-50 years,2005,10.3,0.2,6.7,0.3,7.4,0.2,8.6,0.2,10.1,0.2,11.8,0.2,13.5,0.3,14.6,0.4
Percentage of total energy intake from saturated fats,Canada excluding territories,Female,31-50 years,2207,10.6,0.2,7.6,0.5,8.2,0.4,9.3,0.3,10.5,0.2,11.8,0.3,13.1,0.5,13.9,0.6
Percentage of total energy intake from saturated fats,Canada excluding territories,Male,51-70 years,2151,10.2,0.1,6.7,0.3,7.4,0.2,8.6,0.2,10.1,0.1,11.7,0.2,13.2,0.3,14.2,0.4
Percentage of total energy intake from saturated fats,Canada excluding territories,Female,51-70 years,2314,10.3,0.1,6.6,0.3,7.3,0.2,8.6,0.2,10.1,0.1,11.8,0.2,13.5,0.3,14.5,0.4
Percentage of total energy intake from saturated fats,Canada excluding territories,Male,71 years and over,1180,10.5,0.2,6.8,0.3,7.5,0.3,8.9,0.2,10.4,0.2,12.1,0.2,13.7,0.3,14.7,0.4
Percentage of total energy intake from saturated fats,Canada excluding territories,Female,71 years and over,1448,10.7,0.2,6.9,0.3,7.7,0.3,9,0.2,10.6,0.2,12.3,0.3,14,0.4,15,0.5
Percentage of total energy intake from saturated fats,Canada excluding territories,Male,19 years and over,6193,10.4,0.1,6.7,0.2,7.4,0.1,8.7,0.1,10.3,0.1,11.9,0.1,13.5,0.2,14.5,0.2
Percentage of total energy intake from saturated fats,Canada excluding territories,Female,19 years and over,6841,10.5,0.1,7.2,0.2,7.9,0.2,9,0.1,10.4,0.1,11.9,0.1,13.4,0.2,14.3,0.3
Percentage of total energy intake from sugars,Canada excluding territories,Both,1-3 years,1288,25.2,0.4,15.6,0.8,17.5,0.7,21,0.5,25,0.4,29.1,0.5,33,0.7,35.5,0.9
Percentage of total energy intake from sugars,Canada excluding territories,Both,4-8 years,1199,25.3,0.4,17.8,0.8,19.4,0.7,22,0.5,25.1,0.4,28.4,0.5,31.4,0.7,33.3,0.8
Percentage of total energy intake from sugars,Canada excluding territories,Male,9-13 years,1023,23,0.3,16.3,0.7,17.7,0.6,20.1,0.4,22.8,0.3,25.8,0.4,28.5,0.7,30.2,0.8
Percentage of total energy intake from sugars,Canada excluding territories,Female,9-13 years,939,24.2,0.5,18.5,1.3,19.7,1.1,21.7,0.7,24,0.5,26.5,0.7,28.8,1,30.3,1.3
Percentage of total energy intake from sugars,Canada excluding territories,Male,14-18 years,900,21.6,0.5,13.4,0.7,15,0.6,17.9,0.5,21.3,0.5,24.9,0.6,28.4,0.8,30.7,1
Percentage of total energy intake from sugars,Canada excluding territories,Female,14-18 years,986,22.7,0.5,16.5,1.3,17.8,1.1,20,0.7,22.6,0.5,25.2,0.7,27.7,1.1,29.2,1.4
Percentage of total energy intake from sugars,Canada excluding territories,Male,19-30 years,857,18,0.5,10.3,0.8,11.8,0.7,14.4,0.6,17.7,0.5,21.3,0.7,24.8,1,27.1,1.3
Percentage of total energy intake from sugars,Canada excluding territories,Female,19-30 years,872,20.7,0.6,13.4,1.2,14.8,1.1,17.3,0.8,20.4,0.6,23.7,0.7,26.8,1.1,28.8,1.3
Percentage of total energy intake from sugars,Canada excluding territories,Male,31-50 years,2005,17.9,0.4,9.7,0.8,11.2,0.7,13.9,0.5,17.4,0.4,21.3,0.5,25.2,0.9,27.8,1.2
Percentage of total energy intake from sugars,Canada excluding territories,Female,31-50 years,2207,18.9,0.3,9.8,0.5,11.5,0.4,14.5,0.4,18.3,0.3,22.7,0.4,27.1,0.6,29.9,0.8
Percentage of total energy intake from sugars,Canada excluding territories,Male,51-70 years,2151,17.4,0.3,8.7,0.4,10.3,0.4,13.2,0.3,16.9,0.3,21.1,0.4,25.2,0.6,27.9,0.8
Percentage of total energy intake from sugars,Canada excluding territories,Female,51-70 years,2314,19.3,0.3,11.3,0.6,12.8,0.5,15.5,0.4,18.9,0.3,22.6,0.4,26.2,0.6,28.5,0.7
Percentage of total energy intake from sugars,Canada excluding territories,Male,71 years and over,1180,19.4,0.4,9.9,0.5,11.7,0.5,15,0.4,19,0.4,23.4,0.5,27.7,0.8,30.5,0.9
Percentage of total energy intake from sugars,Canada excluding territories,Female,71 years and over,1448,20.1,0.4,11.9,0.5,13.5,0.4,16.3,0.4,19.8,0.3,23.6,0.5,27.2,0.7,29.5,0.8
Percentage of total energy intake from sugars,Canada excluding territories,Male,19 years and over,6193,17.9,0.2,9.3,0.3,10.8,0.3,13.8,0.2,17.4,0.2,21.5,0.3,25.6,0.4,28.2,0.5
Percentage of total energy intake from sugars,Canada excluding territories,Female,19 years and over,6841,19.5,0.2,11.1,0.3,12.7,0.3,15.5,0.2,19,0.2,22.9,0.2,26.8,0.3,29.3,0.4
Phosphorus (mg/d),Canada excluding territories,Both,1-3 years,1288,1057,22,613,27,696,25,850,22,1037,22,1241,27,1443,36,1574,43
Phosphorus (mg/d),Canada excluding territories,Both,4-8 years,1199,1167,18,785,30,860,27,990,23,1151,19,1328,23,1496,36,1602,47
Phosphorus (mg/d),Canada excluding territories,Male,9-13 years,1023,1384,25,830,35,929,32,1114,28,1346,25,1616,30,1889,43,2065,54
Phosphorus (mg/d),Canada excluding territories,Female,9-13 years,939,1205,22,763,33,845,30,996,24,1184,22,1389,30,1591,45,1727,55
Phosphorus (mg/d),Canada excluding territories,Male,14-18 years,900,1672,40,979,61,1100,56,1328,45,1614,38,1956,54,2313,90,2561,122
Phosphorus (mg/d),Canada excluding territories,Female,14-18 years,986,1222,26,687,31,785,29,966,27,1191,27,1443,33,1701,45,1864,55
Phosphorus (mg/d),Canada excluding territories,Male,19-30 years,857,1635,56,1006,97,1120,85,1333,64,1599,52,1894,83,2199,136,2393,176
Phosphorus (mg/d),Canada excluding territories,Female,19-30 years,872,1144,34,652,40,738,37,904,31,1116,32,1352,44,1583,64,1741,80
Phosphorus (mg/d),Canada excluding territories,Male,31-50 years,2005,1475,25,865,40,976,36,1180,30,1439,26,1729,32,2018,49,2215,63
Phosphorus (mg/d),Canada excluding territories,Female,31-50 years,2207,1150,22,825,85,886,72,998,47,1134,24,1284,33,1433,67,1528,94
Phosphorus (mg/d),Canada excluding territories,Male,51-70 years,2151,1391,24,788,33,897,31,1099,27,1355,25,1642,30,1931,42,2120,53
Phosphorus (mg/d),Canada excluding territories,Female,51-70 years,2314,1098,16,635,26,717,24,873,20,1070,16,1291,19,1515,28,1659,36
Phosphorus (mg/d),Canada excluding territories,Male,71 years and over,1180,1218,20,686,30,784,27,960,22,1182,20,1438,25,1698,37,1869,47
Phosphorus (mg/d),Canada excluding territories,Female,71 years and over,1448,1005,20,571,26,649,24,793,21,980,20,1187,24,1398,34,1532,43
Phosphorus (mg/d),Canada excluding territories,Male,19 years and over,6193,1447,16,819,24,932,22,1141,18,1406,16,1708,21,2015,32,2213,41
Phosphorus (mg/d),Canada excluding territories,Female,19 years and over,6841,1113,11,684,25,763,22,908,17,1089,12,1292,15,1494,25,1622,34
Potassium (mg/d),Canada excluding territories,Both,1-3 years,1288,2031,41,1164,53,1326,50,1626,45,1989,42,2390,47,2786,61,3043,74
Potassium (mg/d),Canada excluding territories,Both,4-8 years,1199,2284,38,1452,50,1609,46,1884,41,2237,39,2635,48,3027,66,3268,85
Potassium (mg/d),Canada excluding territories,Male,9-13 years,1023,2584,42,1570,74,1757,67,2094,53,2516,44,3007,55,3499,87,3817,113
Potassium (mg/d),Canada excluding territories,Female,9-13 years,939,2314,43,1419,69,1584,63,1883,51,2263,44,2683,55,3109,81,3396,100
Potassium (mg/d),Canada excluding territories,Male,14-18 years,900,3095,78,1673,92,1920,88,2390,83,2984,77,3680,97,4408,146,4919,190
Potassium (mg/d),Canada excluding territories,Female,14-18 years,986,2313,47,1267,56,1457,53,1813,49,2255,49,2747,58,3248,80,3572,99
Potassium (mg/d),Canada excluding territories,Male,19-30 years,857,3040,88,1843,134,2060,121,2462,100,2973,87,3540,117,4104,182,4491,230
Potassium (mg/d),Canada excluding territories,Female,19-30 years,872,2358,77,1377,72,1545,69,1867,66,2298,70,2771,98,3259,139,3578,171
Potassium (mg/d),Canada excluding territories,Male,31-50 years,2005,3029,47,1635,70,1886,65,2342,56,2938,49,3611,57,4290,83,4753,105
Potassium (mg/d),Canada excluding territories,Female,31-50 years,2207,2435,41,1690,220,1832,182,2094,111,2404,44,2744,80,3075,171,3292,239
Potassium (mg/d),Canada excluding territories,Male,51-70 years,2151,3013,52,1662,73,1906,68,2353,57,2927,51,3576,69,4232,103,4662,129
Potassium (mg/d),Canada excluding territories,Female,51-70 years,2314,2472,34,1445,64,1633,58,1981,47,2418,35,2900,41,3380,63,3687,82
Potassium (mg/d),Canada excluding territories,Male,71 years and over,1180,2686,44,1518,70,1731,63,2125,51,2615,46,3169,57,3728,84,4098,108
Potassium (mg/d),Canada excluding territories,Female,71 years and over,1448,2236,41,1242,49,1422,47,1753,43,2179,41,2652,48,3127,65,3429,81
Potassium (mg/d),Canada excluding territories,Male,19 years and over,6193,2985,30,1665,45,1904,42,2345,35,2906,30,3534,38,4171,57,4575,75
Potassium (mg/d),Canada excluding territories,Female,19 years and over,6841,2411,25,1453,60,1632,52,1957,38,2362,26,2813,33,3259,57,3540,74
Riboflavin (mg/d),Canada excluding territories,Both,1-3 years,1288,1.67,0.04,0.93,0.06,1.07,0.05,1.32,0.05,1.63,0.04,1.98,0.05,2.33,0.06,2.56,0.07
Riboflavin (mg/d),Canada excluding territories,Both,4-8 years,1199,1.73,0.03,1.16,0.09,1.26,0.08,1.45,0.06,1.69,0.04,1.97,0.04,2.24,0.09,2.42,0.13
Riboflavin (mg/d),Canada excluding territories,Male,9-13 years,1023,2,0.04,1.16,0.05,1.3,0.05,1.57,0.04,1.92,0.04,2.35,0.05,2.81,0.08,3.11,0.1
Riboflavin (mg/d),Canada excluding territories,Female,9-13 years,939,1.78,0.04,1.07,0.05,1.19,0.05,1.43,0.04,1.73,0.04,2.07,0.05,2.43,0.07,2.67,0.09
Riboflavin (mg/d),Canada excluding territories,Male,14-18 years,900,2.38,0.07,1.26,0.07,1.45,0.07,1.81,0.06,2.27,0.06,2.84,0.09,3.46,0.14,3.89,0.19
Riboflavin (mg/d),Canada excluding territories,Female,14-18 years,986,1.75,0.04,0.87,0.04,1.02,0.04,1.31,0.04,1.68,0.04,2.11,0.05,2.56,0.08,2.87,0.1
Riboflavin (mg/d),Canada excluding territories,Male,19-30 years,857,2.41,0.09,1.31,0.1,1.5,0.09,1.86,0.08,2.33,0.08,2.87,0.12,3.43,0.19,3.81,0.24
Riboflavin (mg/d),Canada excluding territories,Female,19-30 years,872,1.73,0.05,0.92,0.06,1.05,0.06,1.31,0.06,1.67,0.05,2.07,0.06,2.49,0.09,2.78,0.11
Riboflavin (mg/d),Canada excluding territories,Male,31-50 years,2005,2.22,0.04,1.21,0.05,1.38,0.05,1.71,0.04,2.14,0.04,2.64,0.05,3.17,0.07,3.54,0.1
Riboflavin (mg/d),Canada excluding territories,Female,31-50 years,2207,1.7,0.03,1.09,0.08,1.2,0.07,1.41,0.05,1.67,0.03,1.96,0.04,2.25,0.07,2.45,0.1
Riboflavin (mg/d),Canada excluding territories,Male,51-70 years,2151,2.11,0.04,1.22,0.05,1.38,0.05,1.68,0.04,2.06,0.03,2.48,0.05,2.9,0.07,3.18,0.09
Riboflavin (mg/d),Canada excluding territories,Female,51-70 years,2314,1.65,0.02,0.94,0.04,1.07,0.03,1.3,0.03,1.61,0.02,1.95,0.03,2.3,0.05,2.53,0.06
Riboflavin (mg/d),Canada excluding territories,Male,71 years and over,1180,1.86,0.04,1.09,0.05,1.22,0.05,1.47,0.04,1.8,0.03,2.18,0.04,2.58,0.06,2.85,0.08
Riboflavin (mg/d),Canada excluding territories,Female,71 years and over,1448,1.5,0.03,0.88,0.04,0.99,0.04,1.19,0.03,1.46,0.03,1.77,0.03,2.08,0.05,2.28,0.06
Riboflavin (mg/d),Canada excluding territories,Male,19 years and over,6193,2.18,0.03,1.19,0.03,1.37,0.03,1.69,0.02,2.11,0.02,2.59,0.03,3.09,0.05,3.41,0.07
Riboflavin (mg/d),Canada excluding territories,Female,19 years and over,6841,1.67,0.02,0.97,0.03,1.09,0.03,1.32,0.02,1.62,0.02,1.96,0.02,2.31,0.03,2.53,0.04
Sodium (mg/d),Canada excluding territories,Both,1-3 years,1288,1645,43,909,141,1038,121,1289,81,1598,45,1951,72,2310,135,2541,180
Sodium (mg/d),Canada excluding territories,Both,4-8 years,1199,2327,46,1747,231,1861,190,2059,119,2304,51,2571,91,2826,193,2986,263
Sodium (mg/d),Canada excluding territories,Male,9-13 years,1023,2991,59,1871,107,2074,96,2441,77,2910,61,3455,78,4018,128,4385,169
Sodium (mg/d),Canada excluding territories,Female,9-13 years,939,2605,52,1672,88,1843,78,2160,60,2555,51,2991,73,3421,116,3718,146
Sodium (mg/d),Canada excluding territories,Male,14-18 years,900,3590,79,2380,138,2606,122,3021,95,3519,77,4089,110,4658,176,5043,230
Sodium (mg/d),Canada excluding territories,Female,14-18 years,986,2556,65,1546,88,1733,82,2077,73,2499,67,2971,78,3448,108,3762,134
Sodium (mg/d),Canada excluding territories,Male,19-30 years,857,3608,134,2307,490E,2551,410,2994,266,3547,136,4146,232,4749,449,5137,604
Sodium (mg/d),Canada excluding territories,Female,19-30 years,872,2374,86,1565,138,1705,122,1984,93,2326,86,2713,115,3096,172,3346,217
Sodium (mg/d),Canada excluding territories,Male,31-50 years,2005,3275,71,1630,298E,1914,248,2446,158,3149,74,3959,142,4801,296,5363,408
Sodium (mg/d),Canada excluding territories,Female,31-50 years,2207,2425,46,1649,135,1794,115,2057,79,2383,48,2747,75,3112,140,3344,188
Sodium (mg/d),Canada excluding territories,Male,51-70 years,2151,3044,63,1798,260,2024,216,2448,135,2972,65,3561,110,4157,221,4548,305
Sodium (mg/d),Canada excluding territories,Female,51-70 years,2314,2214,32,1264,55,1427,50,1742,40,2150,33,2612,44,3079,72,3386,95
Sodium (mg/d),Canada excluding territories,Male,71 years and over,1180,2677,53,1705,93,1890,84,2222,66,2626,52,3074,70,3531,112,3819,144
Sodium (mg/d),Canada excluding territories,Female,71 years and over,1448,2104,41,1241,63,1401,56,1685,45,2054,39,2465,54,2878,83,3139,106
Sodium (mg/d),Canada excluding territories,Male,19 years and over,6193,3198,43,1723,62,1979,57,2466,47,3093,42,3811,58,4550,90,5026,118
Sodium (mg/d),Canada excluding territories,Female,19 years and over,6841,2304,25,1425,46,1586,40,1880,30,2253,25,2672,37,3094,60,3363,78
Thiamin (mg/d),Canada excluding territories,Both,1-3 years,1288,1.14,0.03,0.68,0.05,0.77,0.05,0.92,0.04,1.12,0.03,1.34,0.03,1.56,0.05,1.7,0.07
Thiamin (mg/d),Canada excluding territories,Both,4-8 years,1199,1.47,0.03,1.06,0.1,1.14,0.08,1.28,0.06,1.45,0.03,1.65,0.05,1.84,0.09,1.96,0.13
Thiamin (mg/d),Canada excluding territories,Male,9-13 years,1023,1.81,0.04,1.08,0.08,1.2,0.07,1.44,0.06,1.74,0.05,2.11,0.05,2.49,0.08,2.76,0.12
Thiamin (mg/d),Canada excluding territories,Female,9-13 years,939,1.6,0.03,1.07,0.07,1.17,0.06,1.35,0.05,1.57,0.04,1.82,0.04,2.07,0.07,2.25,0.09
Thiamin (mg/d),Canada excluding territories,Male,14-18 years,900,2.14,0.05,1.3,0.09,1.45,0.08,1.73,0.07,2.08,0.05,2.48,0.07,2.9,0.12,3.19,0.15
Thiamin (mg/d),Canada excluding territories,Female,14-18 years,986,1.53,0.04,0.83,0.05,0.95,0.04,1.18,0.04,1.48,0.04,1.83,0.05,2.2,0.08,2.44,0.1
Thiamin (mg/d),Canada excluding territories,Male,19-30 years,857,2.02,0.06,1.25,0.13,1.39,0.12,1.65,0.09,1.97,0.07,2.34,0.09,2.71,0.15,2.96,0.2
Thiamin (mg/d),Canada excluding territories,Female,19-30 years,872,1.38,0.04,0.77,0.06,0.87,0.05,1.07,0.05,1.34,0.04,1.64,0.05,1.95,0.08,2.16,0.1
Thiamin (mg/d),Canada excluding territories,Male,31-50 years,2005,1.9,0.04,1.03,0.06,1.18,0.06,1.45,0.05,1.82,0.04,2.26,0.05,2.72,0.09,3.05,0.12
Thiamin (mg/d),Canada excluding territories,Female,31-50 years,2207,1.38,0.03,0.89,0.07,0.98,0.06,1.14,0.05,1.35,0.03,1.58,0.05,1.82,0.08,1.99,0.11
Thiamin (mg/d),Canada excluding territories,Male,51-70 years,2151,1.72,0.04,1.03,0.06,1.16,0.06,1.39,0.04,1.68,0.04,2.01,0.05,2.35,0.08,2.58,0.1
Thiamin (mg/d),Canada excluding territories,Female,51-70 years,2314,1.31,0.02,0.8,0.05,0.89,0.04,1.05,0.03,1.27,0.02,1.52,0.03,1.77,0.06,1.94,0.07
Thiamin (mg/d),Canada excluding territories,Male,71 years and over,1180,1.57,0.03,0.96,0.06,1.07,0.06,1.27,0.05,1.53,0.03,1.81,0.04,2.11,0.08,2.3,0.11
Thiamin (mg/d),Canada excluding territories,Female,71 years and over,1448,1.26,0.03,0.69,0.03,0.79,0.03,0.97,0.03,1.21,0.03,1.49,0.03,1.79,0.05,1.98,0.06
Thiamin (mg/d),Canada excluding territories,Male,19 years and over,6193,1.82,0.02,1.05,0.04,1.18,0.03,1.44,0.03,1.77,0.02,2.15,0.03,2.54,0.05,2.8,0.07
Thiamin (mg/d),Canada excluding territories,Female,19 years and over,6841,1.34,0.02,0.79,0.03,0.89,0.02,1.07,0.02,1.3,0.02,1.57,0.02,1.85,0.03,2.03,0.05
Total carbohydrates (g/d),Canada excluding territories,Both,1-3 years,1288,174,3,106,5,119,4,142,4,170,3,202,4,232,5,252,7
Total carbohydrates (g/d),Canada excluding territories,Both,4-8 years,1199,231,4,169,15,181,12,203,8,229,4,257,7,284,13,301,16
Total carbohydrates (g/d),Canada excluding territories,Male,9-13 years,1023,276,5,179,9,196,8,229,6,269,5,316,6,363,9,394,11
Total carbohydrates (g/d),Canada excluding territories,Female,9-13 years,939,253,5,169,7,185,6,214,5,249,5,288,5,326,7,352,9
Total carbohydrates (g/d),Canada excluding territories,Male,14-18 years,900,316,7,184,9,207,8,252,7,307,7,371,8,437,12,482,15
Total carbohydrates (g/d),Canada excluding territories,Female,14-18 years,986,237,6,133,6,152,6,187,6,231,6,280,6,330,8,363,10
Total carbohydrates (g/d),Canada excluding territories,Male,19-30 years,857,278,7,164,11,185,10,224,8,272,7,325,10,377,15,410,18
Total carbohydrates (g/d),Canada excluding territories,Female,19-30 years,872,204,6,105,6,122,5,155,5,197,6,247,8,295,11,327,13
Total carbohydrates (g/d),Canada excluding territories,Male,31-50 years,2005,262,4,141,7,162,7,202,6,254,5,313,6,372,9,412,12
Total carbohydrates (g/d),Canada excluding territories,Female,31-50 years,2207,196,3,122,8,136,7,161,5,192,3,227,5,262,9,284,12
Total carbohydrates (g/d),Canada excluding territories,Male,51-70 years,2151,240,4,141,6,160,5,194,4,235,4,281,5,325,7,355,9
Total carbohydrates (g/d),Canada excluding territories,Female,51-70 years,2314,191,3,112,4,127,4,153,3,187,3,224,3,260,5,284,6
Total carbohydrates (g/d),Canada excluding territories,Male,71 years and over,1180,221,4,124,5,142,4,176,4,216,4,261,5,305,6,333,8
Total carbohydrates (g/d),Canada excluding territories,Female,71 years and over,1448,179,3,107,4,120,3,144,3,175,3,209,4,243,5,264,6
Total carbohydrates (g/d),Canada excluding territories,Male,19 years and over,6193,253,3,137,4,158,3,197,3,246,2,301,3,357,5,393,6
Total carbohydrates (g/d),Canada excluding territories,Female,19 years and over,6841,193,2,111,3,126,3,153,2,188,2,228,3,268,4,294,5
Total dietary fibre (g/d),Canada excluding territories,Both,1-3 years,1288,11.5,0.3,5.8,0.3,6.8,0.3,8.8,0.3,11.1,0.3,13.8,0.3,16.6,0.5,18.3,0.6
Total dietary fibre (g/d),Canada excluding territories,Both,4-8 years,1199,14.7,0.3,9.3,0.5,10.3,0.4,12.1,0.4,14.4,0.3,17,0.4,19.6,0.6,21.2,0.8
Total dietary fibre (g/d),Canada excluding territories,Male,9-13 years,1023,16.9,0.4,9.6,0.4,10.9,0.4,13.2,0.3,16.3,0.4,19.9,0.4,23.7,0.6,26.2,0.8
Total dietary fibre (g/d),Canada excluding territories,Female,9-13 years,939,15,0.3,9.5,0.5,10.5,0.5,12.4,0.4,14.7,0.3,17.3,0.4,19.9,0.6,21.6,0.8
Total dietary fibre (g/d),Canada excluding territories,Male,14-18 years,900,18.7,0.5,10.1,0.6,11.6,0.6,14.4,0.5,18,0.5,22.2,0.6,26.6,1,29.7,1.3
Total dietary fibre (g/d),Canada excluding territories,Female,14-18 years,986,15,0.4,7.9,0.6,9.1,0.5,11.5,0.5,14.5,0.4,18,0.5,21.7,0.7,24,0.9
Total dietary fibre (g/d),Canada excluding territories,Male,19-30 years,857,17.6,0.6,8.6,0.7,10.1,0.6,13,0.6,16.8,0.6,21.3,0.8,26.1,1.1,29.2,1.5
Total dietary fibre (g/d),Canada excluding territories,Female,19-30 years,872,14.3,0.5,6.7,0.5,7.9,0.5,10.3,0.5,13.6,0.5,17.5,0.7,21.6,0.9,24.4,1.2
Total dietary fibre (g/d),Canada excluding territories,Male,31-50 years,2005,18.9,0.4,8.9,0.6,10.6,0.5,13.7,0.5,18,0.4,23.1,0.6,28.4,0.9,32.2,1.2
Total dietary fibre (g/d),Canada excluding territories,Female,31-50 years,2207,16.4,0.4,9,0.6,10.3,0.6,12.7,0.5,15.9,0.4,19.5,0.5,23.4,0.9,26,1.2
Total dietary fibre (g/d),Canada excluding territories,Male,51-70 years,2151,18.5,0.4,8.5,0.5,10.2,0.4,13.4,0.4,17.7,0.4,22.8,0.5,28,0.8,31.6,1
Total dietary fibre (g/d),Canada excluding territories,Female,51-70 years,2314,16.3,0.3,8,0.4,9.4,0.4,12.1,0.3,15.7,0.3,19.8,0.4,24.1,0.6,26.8,0.8
Total dietary fibre (g/d),Canada excluding territories,Male,71 years and over,1180,17.6,0.4,8.5,0.4,10.1,0.4,13.1,0.4,17,0.4,21.4,0.5,25.9,0.7,29,0.8
Total dietary fibre (g/d),Canada excluding territories,Female,71 years and over,1448,15.1,0.3,7.2,0.3,8.5,0.3,11,0.3,14.4,0.3,18.4,0.4,22.6,0.5,25.3,0.7
Total dietary fibre (g/d),Canada excluding territories,Male,19 years and over,6193,18.4,0.2,8.6,0.3,10.2,0.3,13.4,0.2,17.6,0.2,22.5,0.3,27.7,0.5,31,0.6
Total dietary fibre (g/d),Canada excluding territories,Female,19 years and over,6841,15.9,0.2,7.9,0.2,9.2,0.2,11.8,0.2,15.2,0.2,19.3,0.3,23.5,0.4,26.3,0.5
Total energy intake (kcal/d),Canada excluding territories,Both,1-3 years,1288,1318,23,837,40,931,37,1100,30,1301,24,1516,25,1725,35,1855,43
Total energy intake (kcal/d),Canada excluding territories,Both,4-8 years,1199,1669,25,1249,83,1333,69,1477,46,1654,26,1845,38,2027,72,2137,97
Total energy intake (kcal/d),Canada excluding territories,Male,9-13 years,1023,2057,34,1340,62,1477,55,1718,44,2014,35,2355,41,2691,61,2908,78
Total energy intake (kcal/d),Canada excluding territories,Female,9-13 years,939,1839,31,1246,46,1357,42,1560,35,1810,32,2084,40,2357,54,2538,66
Total energy intake (kcal/d),Canada excluding territories,Male,14-18 years,900,2483,51,1527,63,1701,58,2026,52,2422,49,2878,65,3337,98,3654,126
Total energy intake (kcal/d),Canada excluding territories,Female,14-18 years,986,1819,39,1083,60,1222,53,1477,44,1785,39,2122,50,2461,73,2678,91
Total energy intake (kcal/d),Canada excluding territories,Male,19-30 years,857,2409,71,1507,109,1677,97,1984,78,2367,70,2783,95,3199,139,3472,173
Total energy intake (kcal/d),Canada excluding territories,Female,19-30 years,872,1679,45,982,47,1105,45,1336,43,1636,44,1974,55,2306,72,2526,86
Total energy intake (kcal/d),Canada excluding territories,Male,31-50 years,2005,2226,34,1313,132,1482,108,1790,67,2177,35,2605,62,3035,122,3314,165
Total energy intake (kcal/d),Canada excluding territories,Female,31-50 years,2207,1638,26,1122,91,1221,77,1400,51,1616,28,1852,44,2084,83,2229,111
Total energy intake (kcal/d),Canada excluding territories,Male,51-70 years,2151,2070,37,1251,89,1404,75,1686,51,2028,37,2408,56,2783,92,3031,118
Total energy intake (kcal/d),Canada excluding territories,Female,51-70 years,2314,1577.4,21,980.1,167E,1091.8,134.6,1297,76.4,1552.3,22.3,1826.1,59,2093.2,131.6,2263.9,182.6
Total energy intake (kcal/d),Canada excluding territories,Male,71 years and over,1180,1806,27,1076,38,1220,34,1471,29,1775,28,2107,33,2431,45,2635,55
Total energy intake (kcal/d),Canada excluding territories,Female,71 years and over,1448,1418,24,876,27,978,25,1162,23,1392,23,1643,31,1892,41,2048,50
Total energy intake (kcal/d),Canada excluding territories,Male,19 years and over,6193,2162,23,1242,30,1409,28,1720,24,2110,23,2545,29,2983,41,3260,51
Total energy intake (kcal/d),Canada excluding territories,Female,19 years and over,6841,1591,15,980,27,1094,24,1303,19,1562,15,1847,19,2129,30,2306,38
Total sugars (g/d),Canada excluding territories,Both,1-3 years,1288,84,2,39,3,46,2,62,2,81,2,103,2,125,3,140,4
Total sugars (g/d),Canada excluding territories,Both,4-8 years,1199,106,2,63,3,71,3,85,3,103,2,124,3,144,4,157,4
Total sugars (g/d),Canada excluding territories,Male,9-13 years,1023,120,3,66,4,76,4,93,3,115,3,142,3,171,5,189,6
Total sugars (g/d),Canada excluding territories,Female,9-13 years,939,112,3,69,4,77,4,91,3,109,3,130,3,150,5,164,6
Total sugars (g/d),Canada excluding territories,Male,14-18 years,900,134,4,60,4,72,4,96,4,127,4,164,6,205,8,233,11
Total sugars (g/d),Canada excluding territories,Female,14-18 years,986,105,3,50,4,60,4,78,4,102,3,128,4,156,5,175,6
Total sugars (g/d),Canada excluding territories,Male,19-30 years,857,110,4,48,5,59,5,78,4,105,4,136,6,168,8,190,11
Total sugars (g/d),Canada excluding territories,Female,19-30 years,872,86,3,37,3,45,3,61,3,82,3,107,4,133,6,151,7
Total sugars (g/d),Canada excluding territories,Male,31-50 years,2005,101,2,39,3,48,3,67,3,94,2,126,3,162,5,187,7
Total sugars (g/d),Canada excluding territories,Female,31-50 years,2207,78,2,34,3,41,2,55,2,73,2,96,2,120,4,136,5
Total sugars (g/d),Canada excluding territories,Male,51-70 years,2151,91,2,36,2,45,2,62,2,85,2,113,3,144,4,165,5
Total sugars (g/d),Canada excluding territories,Female,51-70 years,2314,77,2,36,3,43,2,56,2,74,2,94,2,116,4,131,5
Total sugars (g/d),Canada excluding territories,Male,71 years and over,1180,88,2,34,2,43,2,60,2,83,2,111,3,141,4,162,5
Total sugars (g/d),Canada excluding territories,Female,71 years and over,1448,73,2,32,2,38,2,51,2,69,2,90,2,112,3,126,4
Total sugars (g/d),Canada excluding territories,Male,19 years and over,6193,98,1,37,1,47,1,65,1,91,1,123,2,158,3,181,4
Total sugars (g/d),Canada excluding territories,Female,19 years and over,6841,78,1,34,1,41,1,55,1,74,1,97,1,121,2,137,3
Vitamin A (RAE/d),Canada excluding territories,Both,1-3 years,1288,561,15,306,24,351,22,435,18,542,15,666,21,793,35,880,45
Vitamin A (RAE/d),Canada excluding territories,Both,4-8 years,1199,572,16,346,30,386,27,458,22,555,17,667,20,780,32,854,43
Vitamin A (RAE/d),Canada excluding territories,Male,9-13 years,1023,618,16,297,20,349,19,450,17,584,16,753,20,930,30,1048,39
Vitamin A (RAE/d),Canada excluding territories,Female,9-13 years,939,614,26,339,36,385,34,471,30,588,26,726,28,877,39,980,50
Vitamin A (RAE/d),Canada excluding territories,Male,14-18 years,900,746,28,338,30,403,29,531,26,701,26,913,37,1145,58,1310,78
Vitamin A (RAE/d),Canada excluding territories,Female,14-18 years,986,596,19,273,24,326,23,429,21,565,19,729,25,907,39,1026,51
Vitamin A (RAE/d),Canada excluding territories,Male,19-30 years,857,716,40,293,43,354,42,482,39,662,38,887,53,1144,87,1330,115
Vitamin A (RAE/d),Canada excluding territories,Female,19-30 years,872,627,36,226,23,277,24,391,25,562,29,791,47,1052,82,1251,115
Vitamin A (RAE/d),Canada excluding territories,Male,31-50 years,2005,678,25,303,37,360,36,475,31,634,26,832,32,1052,54,1204,75
Vitamin A (RAE/d),Canada excluding territories,Female,31-50 years,2207,602,19,321,45,366,41,456,31,575,20,718,28,872,55,975,78
Vitamin A (RAE/d),Canada excluding territories,Male,51-70 years,2151,726,25,383,55,439,51,548,40,692,27,867,34,1055,67,1184,95
Vitamin A (RAE/d),Canada excluding territories,Female,51-70 years,2314,610,17,290,26,340,25,438,21,574,17,741,23,924,41,1049,57
Vitamin A (RAE/d),Canada excluding territories,Male,71 years and over,1180,698,28,285,22,342,22,457,22,628,24,860,36,1139,62,1346,87
Vitamin A (RAE/d),Canada excluding territories,Female,71 years and over,1448,572,18,276,23,323,22,412,19,539,17,693,25,865,43,979,58
Vitamin A (RAE/d),Canada excluding territories,Male,19 years and over,6193,703,15,313,20,372,20,491,17,657,15,864,20,1091,35,1248,49
Vitamin A (RAE/d),Canada excluding territories,Female,19 years and over,6841,606,11,282,15,332,15,430,13,568,11,740,14,930,25,1059,34
Vitamin B12 (mcg/d),Canada excluding territories,Both,1-3 years,1288,3.5,0.1,1.8,0.1,2.1,0.1,2.7,0.1,3.4,0.1,4.3,0.1,5.1,0.2,5.7,0.3
Vitamin B12 (mcg/d),Canada excluding territories,Both,4-8 years,1199,3.4,0.1,1.9,0.2,2.2,0.2,2.6,0.1,3.3,0.1,4,0.1,4.7,0.2,5.2,0.3
Vitamin B12 (mcg/d),Canada excluding territories,Male,9-13 years,1023,4.2,0.1,2.2,0.2,2.6,0.2,3.2,0.1,4,0.1,5,0.2,6,0.3,6.7,0.4
Vitamin B12 (mcg/d),Canada excluding territories,Female,9-13 years,939,3.6,0.2,2,0.2,2.2,0.2,2.7,0.2,3.4,0.2,4.3,0.2,5.1,0.3,5.7,0.3
Vitamin B12 (mcg/d),Canada excluding territories,Male,14-18 years,900,5.4,0.2,2.3,0.2,2.8,0.2,3.7,0.2,5,0.2,6.7,0.3,8.5,0.4,9.9,0.6
Vitamin B12 (mcg/d),Canada excluding territories,Female,14-18 years,986,3.5,0.2,1.5,0.1,1.8,0.1,2.4,0.1,3.3,0.1,4.4,0.2,5.6,0.3,6.5,0.4
Vitamin B12 (mcg/d),Canada excluding territories,Male,19-30 years,857,5.3,0.3,2.2,0.4E,2.6,0.4,3.6,0.3,4.9,0.3,6.6,0.4,8.4,0.6,9.7,0.9
Vitamin B12 (mcg/d),Canada excluding territories,Female,19-30 years,872,3.7,0.2,1.8,0.2,2.1,0.2,2.7,0.2,3.5,0.2,4.5,0.2,5.6,0.4,6.3,0.5
Vitamin B12 (mcg/d),Canada excluding territories,Male,31-50 years,2005,4.8,0.2,2,0.3,2.4,0.3,3.3,0.2,4.4,0.2,5.9,0.3,7.6,0.5,8.9,0.7
Vitamin B12 (mcg/d),Canada excluding territories,Female,31-50 years,2207,3.4,0.1,2,0.4E,2.2,0.3,2.7,0.2,3.3,0.1,4,0.2,4.8,0.5,5.3,0.6
Vitamin B12 (mcg/d),Canada excluding territories,Male,51-70 years,2151,4.7,0.1,2.3,0.2,2.7,0.2,3.4,0.2,4.5,0.1,5.7,0.2,7.1,0.3,8,0.4
Vitamin B12 (mcg/d),Canada excluding territories,Female,51-70 years,2314,3.4,0.1,1.8,0.2,2,0.2,2.5,0.1,3.2,0.1,4,0.1,4.9,0.2,5.5,0.3
Vitamin B12 (mcg/d),Canada excluding territories,Male,71 years and over,1180,4.1,0.2,2.3,0.3,2.6,0.3,3.2,0.3,3.9,0.2,4.9,0.2,5.9,0.3,6.6,0.5
Vitamin B12 (mcg/d),Canada excluding territories,Female,71 years and over,1448,3.1,0.1,1.6,0.2,1.8,0.1,2.3,0.1,3,0.1,3.7,0.1,4.6,0.3,5.2,0.4
Vitamin B12 (mcg/d),Canada excluding territories,Male,19 years and over,6193,4.8,0.1,2.2,0.1,2.6,0.1,3.4,0.1,4.5,0.1,5.9,0.1,7.4,0.2,8.5,0.3
Vitamin B12 (mcg/d),Canada excluding territories,Female,19 years and over,6841,3.4,0.1,1.8,0.1,2,0.1,2.5,0.1,3.2,0.1,4.1,0.1,5,0.2,5.6,0.2
Vitamin B6 (mg/d),Canada excluding territories,Both,1-3 years,1288,1.07,0.02,0.63,0.03,0.71,0.03,0.86,0.03,1.05,0.02,1.26,0.03,1.47,0.04,1.61,0.05
Vitamin B6 (mg/d),Canada excluding territories,Both,4-8 years,1199,1.3,0.03,0.88,0.07,0.96,0.06,1.1,0.04,1.28,0.03,1.48,0.04,1.68,0.07,1.8,0.1
Vitamin B6 (mg/d),Canada excluding territories,Male,9-13 years,1023,1.55,0.03,0.99,0.06,1.09,0.05,1.28,0.04,1.51,0.03,1.78,0.04,2.05,0.07,2.23,0.09
Vitamin B6 (mg/d),Canada excluding territories,Female,9-13 years,939,1.32,0.03,0.8,0.05,0.9,0.04,1.07,0.04,1.29,0.03,1.53,0.04,1.79,0.05,1.96,0.07
Vitamin B6 (mg/d),Canada excluding territories,Male,14-18 years,900,2.04,0.07,1.08,0.07,1.24,0.06,1.54,0.06,1.94,0.06,2.43,0.09,2.95,0.15,3.33,0.2
Vitamin B6 (mg/d),Canada excluding territories,Female,14-18 years,986,1.42,0.03,0.82,0.04,0.92,0.04,1.13,0.03,1.38,0.03,1.67,0.04,1.97,0.06,2.16,0.08
Vitamin B6 (mg/d),Canada excluding territories,Male,19-30 years,857,2.2,0.09,1.15,0.1,1.33,0.1,1.67,0.08,2.12,0.08,2.63,0.12,3.18,0.19,3.54,0.24
Vitamin B6 (mg/d),Canada excluding territories,Female,19-30 years,872,1.53,0.06,0.79,0.06,0.91,0.05,1.15,0.05,1.47,0.06,1.84,0.08,2.24,0.11,2.51,0.13
Vitamin B6 (mg/d),Canada excluding territories,Male,31-50 years,2005,1.97,0.04,1.25,0.09,1.38,0.08,1.62,0.06,1.93,0.04,2.27,0.05,2.62,0.1,2.86,0.13
Vitamin B6 (mg/d),Canada excluding territories,Female,31-50 years,2207,1.49,0.03,1.01,0.13,1.11,0.11,1.27,0.07,1.47,0.03,1.69,0.05,1.91,0.11,2.05,0.16
Vitamin B6 (mg/d),Canada excluding territories,Male,51-70 years,2151,1.86,0.04,0.96,0.06,1.12,0.05,1.41,0.04,1.79,0.04,2.23,0.05,2.67,0.08,2.97,0.11
Vitamin B6 (mg/d),Canada excluding territories,Female,51-70 years,2314,1.44,0.02,0.82,0.05,0.93,0.05,1.13,0.04,1.39,0.03,1.69,0.03,1.99,0.06,2.19,0.08
Vitamin B6 (mg/d),Canada excluding territories,Male,71 years and over,1180,1.56,0.03,0.92,0.05,1.04,0.05,1.25,0.04,1.52,0.03,1.82,0.04,2.13,0.06,2.33,0.08
Vitamin B6 (mg/d),Canada excluding territories,Female,71 years and over,1448,1.25,0.03,0.67,0.03,0.77,0.03,0.96,0.03,1.21,0.03,1.49,0.03,1.77,0.05,1.95,0.06
Vitamin B6 (mg/d),Canada excluding territories,Male,19 years and over,6193,1.93,0.02,1.06,0.04,1.21,0.04,1.49,0.03,1.86,0.02,2.29,0.03,2.73,0.05,3.01,0.07
Vitamin B6 (mg/d),Canada excluding territories,Female,19 years and over,6841,1.45,0.02,0.83,0.04,0.94,0.03,1.14,0.02,1.4,0.02,1.7,0.02,2.01,0.04,2.2,0.06
Vitamin C (mg/d),Canada excluding territories,Both,1-3 years,1288,95,4,29,3,38,3,57,3,85,4,122,5,164,7,193,8
Vitamin C (mg/d),Canada excluding territories,Both,4-8 years,1199,119,4,42,4,53,4,76,5,110,4,152,5,198,7,229,9
Vitamin C (mg/d),Canada excluding territories,Male,9-13 years,1023,115,4,41,4,52,4,74,4,105,4,145,5,190,9,222,11
Vitamin C (mg/d),Canada excluding territories,Female,9-13 years,939,115,5,48,6,58,6,78,5,107,5,142,6,181,9,208,12
Vitamin C (mg/d),Canada excluding territories,Male,14-18 years,900,136,6,39,5,51,5,79,6,120,6,175,8,240,13,288,17
Vitamin C (mg/d),Canada excluding territories,Female,14-18 years,986,99,5,29,3,38,4,58,4,88,5,128,6,175,9,208,11
Vitamin C (mg/d),Canada excluding territories,Male,19-30 years,857,120,9,26,5E,36,6E,60,7,100,8,158,12,227,19,283,26
Vitamin C (mg/d),Canada excluding territories,Female,19-30 years,872,101,6,31,6E,40,6,59,6,90,6,130,7,177,11,212,15
Vitamin C (mg/d),Canada excluding territories,Male,31-50 years,2005,103,4,38,5,47,5,66,5,94,4,130,5,170,9,199,12
Vitamin C (mg/d),Canada excluding territories,Female,31-50 years,2207,99,4,34,6E,43,6,62,5,90,4,126,6,168,11,198,16
Vitamin C (mg/d),Canada excluding territories,Male,51-70 years,2151,96,4,21,2,30,3,49,3,81,3,126,5,179,8,219,10
Vitamin C (mg/d),Canada excluding territories,Female,51-70 years,2314,88,3,30,3,38,3,55,3,80,3,113,4,149,6,175,9
Vitamin C (mg/d),Canada excluding territories,Male,71 years and over,1180,97,4,22,2,31,2,51,3,84,3,128,5,181,9,220,12
Vitamin C (mg/d),Canada excluding territories,Female,71 years and over,1448,81,3,20,2,28,2,45,2,71,3,107,4,148,6,176,7
Vitamin C (mg/d),Canada excluding territories,Male,19 years and over,6193,103,2,26,2,35,2,56,2,89,2,135,3,189,5,227,7
Vitamin C (mg/d),Canada excluding territories,Female,19 years and over,6841,94,2,29,2,38,2,56,2,84,2,120,3,163,5,192,6
Vitamin D (mcg/d),Canada excluding territories,Both,1-3 years,1288,6.2,0.2,2,0.2,2.7,0.2,4,0.2,5.9,0.2,8,0.2,10.3,0.3,11.8,0.4
Vitamin D (mcg/d),Canada excluding territories,Both,4-8 years,1199,5.2,0.1,2.3,0.2,2.7,0.2,3.7,0.2,5,0.2,6.5,0.2,8.1,0.3,9.2,0.4
Vitamin D (mcg/d),Canada excluding territories,Male,9-13 years,1023,5.7,0.2,2.4,0.3,2.9,0.2,3.9,0.2,5.3,0.2,7,0.2,8.8,0.4,10.1,0.5
Vitamin D (mcg/d),Canada excluding territories,Female,9-13 years,939,5.1,0.2,1.9,0.1,2.4,0.1,3.3,0.2,4.8,0.2,6.5,0.3,8.4,0.4,9.8,0.5
Vitamin D (mcg/d),Canada excluding territories,Male,14-18 years,900,6.8,0.3,2.7,0.4,3.3,0.3,4.6,0.3,6.3,0.3,8.5,0.4,10.9,0.6,12.6,0.8
Vitamin D (mcg/d),Canada excluding territories,Female,14-18 years,986,5.1,0.2,1.6,0.2,2.1,0.2,3.1,0.2,4.6,0.2,6.5,0.3,8.7,0.5,10.3,0.6
Vitamin D (mcg/d),Canada excluding territories,Male,19-30 years,857,5.4,0.3,2,0.3,2.5,0.3,3.5,0.3,5,0.3,6.7,0.4,8.9,0.7,10.3,0.9
Vitamin D (mcg/d),Canada excluding territories,Female,19-30 years,872,4.3,0.3,1.4,0.2,1.7,0.2,2.5,0.2,3.8,0.3,5.5,0.4,7.4,0.6,8.9,0.7
Vitamin D (mcg/d),Canada excluding territories,Male,31-50 years,2005,4.6,0.2,1.7,0.3E,2.1,0.3,2.9,0.2,4.2,0.2,5.8,0.2,7.6,0.4,9,0.6
Vitamin D (mcg/d),Canada excluding territories,Female,31-50 years,2207,4.1,0.2,1.4,0.2,1.8,0.2,2.6,0.2,3.7,0.2,5.2,0.2,7,0.4,8.2,0.6
Vitamin D (mcg/d),Canada excluding territories,Male,51-70 years,2151,5.9,0.2,1.9,0.3,2.4,0.3,3.6,0.3,5.3,0.2,7.5,0.3,10.2,0.6,12.3,0.9
Vitamin D (mcg/d),Canada excluding territories,Female,51-70 years,2314,4.1,0.1,1.8,0.2,2.1,0.2,2.8,0.2,3.8,0.1,5.1,0.2,6.6,0.3,7.6,0.5
Vitamin D (mcg/d),Canada excluding territories,Male,71 years and over,1180,5.4,0.2,1.9,0.2,2.4,0.2,3.4,0.2,4.8,0.2,6.8,0.2,9,0.4,10.7,0.6
Vitamin D (mcg/d),Canada excluding territories,Female,71 years and over,1448,4.3,0.1,1.9,0.2,2.3,0.2,3,0.2,4,0.2,5.3,0.2,6.7,0.3,7.6,0.5
Vitamin D (mcg/d),Canada excluding territories,Male,19 years and over,6193,5.2,0.1,1.8,0.1,2.3,0.1,3.3,0.1,4.7,0.1,6.6,0.2,8.8,0.3,10.3,0.4
Vitamin D (mcg/d),Canada excluding territories,Female,19 years and over,6841,4.2,0.1,1.6,0.1,1.9,0.1,2.7,0.1,3.8,0.1,5.3,0.1,7,0.2,8.1,0.3
Zinc (mg/d),Canada excluding territories,Both,1-3 years,1288,7,0.2,4.4,0.3,4.9,0.3,5.8,0.2,6.8,0.2,8,0.2,9.2,0.2,10,0.3
Zinc (mg/d),Canada excluding territories,Both,4-8 years,1199,8.2,0.2,6.2,0.7,6.6,0.6,7.3,0.4,8.1,0.2,9.1,0.3,10,0.6,10.5,0.8
Zinc (mg/d),Canada excluding territories,Male,9-13 years,1023,10.6,0.2,6.7,0.4,7.3,0.4,8.6,0.3,10.2,0.2,12.2,0.3,14.2,0.5,15.6,0.7
Zinc (mg/d),Canada excluding territories,Female,9-13 years,939,8.7,0.2,5.6,0.3,6.1,0.2,7.2,0.2,8.5,0.2,10,0.2,11.6,0.4,12.7,0.5
Zinc (mg/d),Canada excluding territories,Male,14-18 years,900,13.4,0.4,7.3,0.4,8.3,0.4,10.2,0.3,12.8,0.4,15.9,0.5,19.3,0.7,21.7,1
Zinc (mg/d),Canada excluding territories,Female,14-18 years,986,9.2,0.2,5.4,0.3,6.1,0.3,7.3,0.2,8.9,0.2,10.7,0.3,12.6,0.5,13.8,0.6
Zinc (mg/d),Canada excluding territories,Male,19-30 years,857,13.6,0.5,8.9,1.2,9.8,1.1,11.3,0.7,13.3,0.5,15.5,0.8,17.8,1.4,19.2,1.9
Zinc (mg/d),Canada excluding territories,Female,19-30 years,872,8.9,0.3,5,0.4,5.7,0.4,6.9,0.3,8.6,0.3,10.5,0.3,12.4,0.5,13.8,0.6
Zinc (mg/d),Canada excluding territories,Male,31-50 years,2005,12.8,0.3,6.9,0.4,7.9,0.4,9.7,0.3,12.2,0.3,15.2,0.4,18.4,0.7,20.6,0.9
Zinc (mg/d),Canada excluding territories,Female,31-50 years,2207,9,0.2,6.8,0.9,7.2,0.7,8,0.4,8.9,0.2,9.9,0.3,10.9,0.7,11.5,1
Zinc (mg/d),Canada excluding territories,Male,51-70 years,2151,11.9,0.3,6.9,0.4,7.7,0.4,9.3,0.3,11.5,0.3,14,0.4,16.6,0.6,18.3,0.8
Zinc (mg/d),Canada excluding territories,Female,51-70 years,2314,8.8,0.1,5.4,0.3,6,0.3,7.1,0.2,8.6,0.2,10.3,0.2,12,0.4,13.1,0.5
Zinc (mg/d),Canada excluding territories,Male,71 years and over,1180,9.8,0.2,6.3,0.4,6.9,0.3,8.1,0.3,9.6,0.2,11.2,0.2,13,0.4,14.2,0.6
Zinc (mg/d),Canada excluding territories,Female,71 years and over,1448,7.8,0.2,4.5,0.2,5,0.2,6.1,0.2,7.5,0.2,9.2,0.2,10.9,0.3,12,0.4
Zinc (mg/d),Canada excluding territories,Male,19 years and over,6193,12.3,0.2,7,0.3,7.9,0.2,9.6,0.2,11.8,0.2,14.5,0.2,17.3,0.4,19.1,0.5
Zinc (mg/d),Canada excluding territories,Female,19 years and over,6841,8.8,0.1,5.5,0.2,6.1,0.2,7.1,0.2,8.5,0.1,10.1,0.1,11.8,0.2,12.8,0.3
